relationship_id,source_ci_id,target_ci_id,relationship_type,strength,description,port,protocol,is_critical,created_at,updated_at
dcbfbd19-2b79-45be-ac68-615aa1abb2fc,e8a6fbf5-f04a-43fd-a22b-80345cc2762f,92691dcf-7185-4abf-91db-1ea46dd88e54,depends_on,0.58,payment-stag-0222 depends on mysql-prod-0134,6379,,false,2025-06-27 04:36:17,2025-07-19 04:36:17
a94181e2-4fae-4a46-bc42-4f69af83bc16,57e2519c-d696-43a5-ad0f-19b8e733b01b,ce08359f-471d-4a16-b8c2-4108bbf0c2d9,depends_on,0.59,analytics-test-0241 depends on varnish-stag-0059,3306,gRPC,false,2025-10-14 15:55:41,2025-10-28 15:55:41
00d12f2f-ef60-4448-b44f-c0a8784c11dd,7bfdbd5f-5dee-4887-8f9e-61ceea535b83,6d2fefcc-d247-4e40-bf71-1a85c5912d94,depends_on,0.55,inventory-stag-0246 depends on redis-deve-0253,27017,HTTP,false,2025-05-15 04:21:44,2025-05-18 04:21:44
d1bc5099-36de-49be-93c1-e16b9e1267f6,57e2519c-d696-43a5-ad0f-19b8e733b01b,71aa0d31-05a0-4381-8aaa-0d91b0b10b54,depends_on,0.76,analytics-test-0241 depends on mysql-deve-0280,9092,,false,2025-08-04 14:54:49,2025-08-09 14:54:49
54c9236a-8c28-4a1c-a165-4112b0ea2d56,fb8f7a9d-4477-414d-8757-8785cc388e5d,27815f95-2212-47be-a562-0af8ad210f2f,backed_by,0.65,elasticsearch-deve-0075 backed by s3-deve-0047,,HTTPS,false,2025-02-27 03:05:03,2025-03-02 03:05:03
026e99f1-41e6-4db8-8d64-38dff8470236,8acb3662-2d76-44c8-89b0-54404124f32b,416bf5d6-d82d-4108-9771-57ea441b2bfc,hosts,0.93,web-prod-0170 hosts payment-test-0025,80,,false,2025-09-23 05:55:33,2025-09-30 05:55:33
54ffa5bd-da8d-48d6-b2f3-58ee261e2416,3e54714a-006f-484a-853f-962e8575ddd6,eae4ce4a-9426-49a3-86f7-6998848679bd,depends_on,0.54,auth-prod-0264 depends on redis-stag-0186,80,HTTP,false,2025-08-29 03:53:45,2025-09-06 03:53:45
b455a412-013a-4369-aca1-8e47e364b1e3,f3d0f0ce-6c97-4ce1-aa41-c4ac1a25b6c7,00a96c81-450f-40cf-8952-ec2c2a2fde41,uses,0.52,reporting-dr-0110 uses activemq-deve-0007,80,,false,2026-01-01 00:30:54,2026-01-10 00:30:54
2a3229a6-a23a-44c7-841a-44192011943b,22396410-1036-47d7-8867-30d3ce4dc70e,ea634f6b-18d9-48dd-b781-9a263130947e,depends_on,0.84,inventory-deve-0084 depends on redis-stag-0161,3306,gRPC,false,2025-05-02 17:40:54,2025-05-13 17:40:54
bcb514fa-b1d4-49bd-a672-805a1ddce8f9,56af5661-8b95-4621-ac58-75277ee7246d,8ea488ce-98b4-484e-a583-2f435a9e805a,depends_on,0.91,payment-test-0185 depends on varnish-prod-0144,9092,,true,2025-08-08 01:36:16,2025-08-23 01:36:16
88e842c0-dec6-4c08-9723-cd7506f46209,a762ae60-ba9f-4dc0-b2c3-a5fe6de5dff8,5b789c9e-db0c-405f-b686-5fe0e7771dc9,depends_on,0.76,auth-prod-0157 depends on redis-stag-0146,5432,,true,2025-10-28 02:52:20,2025-11-15 02:52:20
fdfe58aa-5eb4-48e4-b4db-1f84938eafcc,220235ac-1664-4bf4-ab9a-3a5e780fff50,2ce49ea2-8ac7-486e-8e33-2382e6ddf64c,uses,0.76,s3-dr-0148 uses proxy-prod-0219,27017,HTTP,false,2025-07-12 21:15:42,2025-07-27 21:15:42
a12b8577-a7a1-4c35-9368-476d4c88aea5,daea5281-7245-4dbf-96fd-549047824b30,49856120-bb64-4cc8-bce3-e9bc1aa4f71c,uses,0.5,reporting-prod-0136 uses sqs-prod-0245,80,gRPC,false,2025-06-28 18:51:17,2025-07-01 18:51:17
f4cfd134-6b79-493d-a8cb-3f7a440dec38,92dcacfe-61e1-4ab5-9b98-a3fd80a32be5,ea634f6b-18d9-48dd-b781-9a263130947e,depends_on,0.67,analytics-prod-0229 depends on redis-stag-0161,5432,TCP,false,2025-02-23 23:57:38,2025-03-17 23:57:38
9aef35e7-800b-447a-b2a0-18e6159c51a8,d8f86bc5-085f-411c-81c1-de350666a1cd,92691dcf-7185-4abf-91db-1ea46dd88e54,depends_on,0.77,payment-prod-0061 depends on mysql-prod-0134,80,TCP,false,2025-07-04 06:15:20,2025-07-14 06:15:20
5da231ff-7161-4b8c-b47b-855fe33c47df,8609a412-dc0b-4d24-9055-02dae7227d02,1a4189a7-ca6e-401a-9faf-db9ce91da8b0,connects_to,0.9,nlb-prod-0254 connects to web-prod-0178,3306,gRPC,true,2025-10-04 05:05:01,2025-10-18 05:05:01
68d15401-bc44-434d-83f0-0a5b0c4943e9,6163938c-bc64-4e42-ba65-41e07480bde6,1a5928c6-9ff0-4027-8968-6091a4fe308c,backed_by,0.77,redis-prod-0154 backed by switch-prod-0290,5432,,false,2025-07-12 08:01:16,2025-08-06 08:01:16
ccf944ff-0f11-417f-802a-be7c892e6965,80944ccf-f3dc-423d-a15f-97dcf0fe291a,a762ae60-ba9f-4dc0-b2c3-a5fe6de5dff8,hosts,0.99,proxy-prod-0081 hosts auth-prod-0157,3306,,false,2025-02-16 00:09:21,2025-02-21 00:09:21
d5aa4914-760c-4c9c-bce3-997f67c4eb26,cddd8cab-fc62-4dba-97c6-d8188fa95cd4,fddc42c8-14d7-43b0-bd54-011f76e1b565,runs_on,0.69,docker-host-prod-0251 runs on api-deve-0038,6379,HTTP,false,2025-10-12 20:27:36,2025-10-17 20:27:36
990166fe-ea1f-4612-be65-34a679f961ad,814d8b81-f810-494f-b717-b717956d1126,05b9211d-5d09-40a8-9470-a7f98512e39b,depends_on,0.75,auth-test-0042 depends on redis-stag-0094,,,true,2025-03-20 03:57:54,2025-03-30 03:57:54
b83b1cf8-ae29-4e75-a5fd-4a6abf798d68,dde747b0-414c-4327-82da-f6d233d4f31d,0f3a16ca-0be2-443d-b557-92ac62e59943,connects_to,0.6,f5-prod-0276 connects to worker-stag-0071,80,gRPC,false,2025-10-22 16:38:23,2025-11-18 16:38:23
5cf2c9d2-b512-41bf-9566-fefbec8ffa59,814d8b81-f810-494f-b717-b717956d1126,488e0cb7-350f-4e36-95cd-e35d9a278276,depends_on,0.67,auth-test-0042 depends on redis-test-0270,80,TCP,false,2025-12-01 14:58:41,2025-12-22 14:58:41
8e2a6455-3702-4c93-89a8-3ab1dce29025,56af5661-8b95-4621-ac58-75277ee7246d,621d1ee7-e1d4-420b-9258-eb8593c9371f,depends_on,0.6,payment-test-0185 depends on memcached-stag-0266,6379,HTTPS,false,2025-05-18 23:29:26,2025-06-11 23:29:26
b512208d-24b6-4eb0-8eff-914491742e5e,f3d0f0ce-6c97-4ce1-aa41-c4ac1a25b6c7,c55f29f5-6dc2-48d6-a219-5729b0cc9217,depends_on,0.51,reporting-dr-0110 depends on memcached-prod-0077,443,HTTP,false,2025-06-20 15:58:30,2025-07-07 15:58:30
c73aef44-2e47-4d60-8129-8585344d0406,ad4fae2e-e2a8-44f5-abc3-21152c8b1acd,3182cd1e-ab3b-4864-acab-ae2b5c566e4b,depends_on,0.54,inventory-deve-0174 depends on memcached-stag-0233,27017,,false,2025-06-05 18:02:37,2025-06-09 18:02:37
d4ee3480-002f-4fb5-a6cd-6d3a8385b7ef,72000b55-8c89-4ff1-b24d-4f45ba332387,e2d9e46d-b154-4b8e-b9cf-825f10f0496f,depends_on,0.54,analytics-prod-0053 depends on mongodb-stag-0052,9092,HTTP,false,2025-08-15 13:45:59,2025-09-12 13:45:59
a22070e3-d2da-4c94-9628-bd33bcc5e9cd,25f82df2-f9fe-4249-8aa4-e2b57bea8eed,2ba8a87b-7973-45b2-a13f-47faa763d4ec,runs_on,0.55,web-prod-0274 runs on dns-test-0041,,TCP,false,2025-11-17 16:36:22,2025-12-08 16:36:22
2351c14a-0d4e-4ee0-8b95-be03a38c7e3b,96d5f99f-d863-428d-9ac9-18bd6eca6450,8acb3662-2d76-44c8-89b0-54404124f32b,connects_to,0.59,haproxy-test-0284 connects to web-prod-0170,27017,HTTPS,false,2025-08-06 02:04:58,2025-08-06 02:04:58
d039dd48-3933-43e6-a2f0-fc18b28d875e,a4ed7edb-cee2-4c26-9e55-02f31aac1ad3,397d583b-3182-4e0a-a259-a59b5d305660,depends_on,0.92,inventory-deve-0091 depends on redis-deve-0150,6379,HTTPS,false,2025-10-04 04:36:03,2025-10-08 04:36:03
1006757c-177c-493c-886e-ad4e6f98ae26,d8f86bc5-085f-411c-81c1-de350666a1cd,09a0cca0-0efc-481e-845a-220d6a80ae85,uses,0.73,payment-prod-0061 uses kafka-test-0268,9092,HTTP,false,2025-07-05 07:12:16,2025-07-22 07:12:16
51783ab0-a2da-4a2c-8c9e-08e9173824c0,3e54714a-006f-484a-853f-962e8575ddd6,297c4236-81ab-4f6a-a7c6-97c1bd29af43,depends_on,0.6,auth-prod-0264 depends on elasticsearch-stag-0164,9092,gRPC,false,2025-03-06 00:12:46,2025-03-16 00:12:46
8f3b4947-4ff8-4ccb-a9ed-844bb20847f1,d8f86bc5-085f-411c-81c1-de350666a1cd,a30c1b34-ca69-4935-a196-ae3b525253b3,depends_on,0.56,payment-prod-0061 depends on varnish-prod-0282,,HTTPS,false,2025-11-21 05:31:31,2025-12-17 05:31:31
c6b9b568-fd48-42a0-8436-93588199e66a,0a81b48a-53dd-4342-a938-6a976e652464,8609a412-dc0b-4d24-9055-02dae7227d02,backed_by,0.61,mysql-dr-0168 backed by nlb-prod-0254,3306,,false,2025-03-03 15:06:14,2025-03-23 15:06:14
5b28d0fa-5b9b-475a-a14f-7bbbf7323482,df214f35-3069-42a1-8440-3b6227ca4637,25f82df2-f9fe-4249-8aa4-e2b57bea8eed,connects_to,0.6,alb-prod-0179 connects to web-prod-0274,27017,HTTPS,false,2025-09-16 18:55:54,2025-10-15 18:55:54
533214fa-c69b-44e8-87a9-45a0af988084,8edcdf0f-86fa-4f27-afb0-ac117ea2faf0,f3577d37-07cd-4e34-9832-4b2efcb32a92,hosts,0.68,varnish-stag-0262 hosts memcached-test-0207,80,TCP,false,2025-06-30 14:04:48,2025-07-26 14:04:48
2136dbe0-c3a4-441f-a5ac-7d2cb1de114b,ad4fae2e-e2a8-44f5-abc3-21152c8b1acd,1ffba6a4-7ed2-4be2-821d-3bd36bae0761,depends_on,0.85,inventory-deve-0174 depends on varnish-stag-0056,9092,HTTPS,false,2025-06-01 03:31:33,2025-06-13 03:31:33
c17bd26f-7920-4b70-9c1f-da69cbb5c610,d2e856c3-c358-4573-80a6-0d47819ad853,30011f97-4114-48c0-983a-ac6d08de411a,connects_to,0.64,haproxy-prod-0104 connects to web-stag-0199,3306,HTTP,true,2025-09-01 17:25:28,2025-09-21 17:25:28
02b5c496-6a08-4ff0-b0d5-6c49985b9852,a572d46c-c254-467f-8606-c5f07a9dc0cf,1dd2b811-7f10-4922-ae6c-1a4153ea5bde,depends_on,0.54,auth-prod-0269 depends on redis-stag-0289,9092,gRPC,false,2025-09-11 16:45:04,2025-10-03 16:45:04
e055ec4f-589b-4920-89ef-fca0b191ed2e,c8439fc7-e06c-4ff5-bb91-8cc117e3cc97,cbc3c3b4-4680-439d-b3b5-c2edf6a42453,hosts,0.69,proxy-deve-0243 hosts auth-prod-0240,5432,HTTP,false,2025-11-10 04:11:36,2025-11-10 04:11:36
3582a0c0-2af4-4902-811c-9f3b3c047048,c8439fc7-e06c-4ff5-bb91-8cc117e3cc97,a762ae60-ba9f-4dc0-b2c3-a5fe6de5dff8,hosts,0.79,proxy-deve-0243 hosts auth-prod-0157,80,TCP,false,2025-08-30 07:41:35,2025-09-21 07:41:35
7382136a-6c3d-464e-a4b7-5af1819a64f8,7afc5aeb-220e-480b-b2a3-a167c8bc53ea,4a796ef7-1079-4e16-913b-f2d9863de199,uses,0.76,payment-stag-0288 uses kafka-prod-0267,443,HTTP,false,2025-06-24 04:44:08,2025-07-17 04:44:08
7f91bb67-5a94-4c1f-ac94-1e3ebb1bcebf,25f82df2-f9fe-4249-8aa4-e2b57bea8eed,7ab713f5-2f7a-4a55-995b-ea60ec06292d,runs_on,0.95,web-prod-0274 runs on switch-stag-0006,27017,gRPC,false,2025-09-21 06:28:23,2025-10-16 06:28:23
47b35f2f-08c2-4692-993a-c357f7bcdac7,81199b18-9e70-4cb1-9c73-46f498479de1,e486e606-c9b3-48db-bec0-4bffe4b83bcd,depends_on,0.86,payment-deve-0119 depends on redis-stag-0009,6379,TCP,false,2025-12-02 22:52:43,2025-12-20 22:52:43
1debe8da-d813-4a5b-be3a-aca7554dfdbd,72000b55-8c89-4ff1-b24d-4f45ba332387,1dd2b811-7f10-4922-ae6c-1a4153ea5bde,depends_on,0.51,analytics-prod-0053 depends on redis-stag-0289,,TCP,true,2025-06-30 10:32:18,2025-07-02 10:32:18
1eb434c4-08e0-4698-b0b2-8b9eccd8fb09,9a0c4139-b430-4d25-bc28-f29889ea9666,8edcdf0f-86fa-4f27-afb0-ac117ea2faf0,depends_on,0.93,notification-deve-0100 depends on varnish-stag-0262,80,TCP,false,2025-06-23 21:49:41,2025-07-22 21:49:41
5618ac0b-590c-44a5-a1ce-68abb659b9e8,57e2519c-d696-43a5-ad0f-19b8e733b01b,6163938c-bc64-4e42-ba65-41e07480bde6,depends_on,0.89,analytics-test-0241 depends on redis-prod-0154,5432,gRPC,true,2025-04-30 21:19:10,2025-05-16 21:19:10
f302656d-0c09-4e4a-a147-52b23cea256c,80944ccf-f3dc-423d-a15f-97dcf0fe291a,f3d0f0ce-6c97-4ce1-aa41-c4ac1a25b6c7,hosts,0.89,proxy-prod-0081 hosts reporting-dr-0110,5432,gRPC,false,2025-10-12 02:50:33,2025-10-17 02:50:33
efbececd-9f5c-45ce-8699-d31dfdf0c7f1,55d8be61-f771-4a79-b854-61daaf9dc77a,10a9a8fb-ebd3-41b3-a2df-a14fa18ed7d8,depends_on,0.88,reporting-stag-0216 depends on elasticsearch-deve-0018,443,TCP,true,2025-12-25 21:26:02,2026-01-06 21:26:02
100620b1-82a1-435f-af01-57a17ca66201,a14e7873-9d59-4476-b927-6676a2340a25,085d7169-2d0c-42e5-95e9-43f0a46cf16f,connects_to,0.57,nginx-test-0193 connects to api-test-0201,9092,TCP,true,2025-09-30 21:22:10,2025-10-25 21:22:10
474041bb-9aa0-4a7e-a444-a6c9d2c8023b,c20a31d9-6b75-4fa0-8f8a-7b433bbc9e25,fb91483d-7e2d-456d-8439-8035e83a2e25,connects_to,0.98,nginx-deve-0297 connects to worker-prod-0259,9092,,false,2025-12-24 00:41:24,2026-01-20 00:41:24
503c9469-e20b-4212-9775-85184641c8cf,a762ae60-ba9f-4dc0-b2c3-a5fe6de5dff8,79af56a6-fbc7-4166-bdee-e0b103f1bd95,depends_on,0.83,auth-prod-0157 depends on elasticsearch-deve-0125,9092,gRPC,false,2025-03-22 21:06:16,2025-04-14 21:06:16
4d8f0f11-5248-4bbe-8fb4-1e6c53c71abb,a77a6d57-c76c-4270-8aa5-ff9fe930e999,6248a644-c43d-43eb-8614-d8a47f11dd1b,depends_on,0.66,reporting-prod-0127 depends on mysql-test-0234,80,TCP,false,2025-07-22 18:21:30,2025-07-22 18:21:30
466bb6c1-f688-4766-8773-290b876b8351,931fe2e2-029b-44ae-9f68-e184c94b7e3b,45043937-32b7-4bf3-a7fe-cf6847598801,backed_by,0.83,redis-test-0279 backed by efs-prod-0027,5432,,false,2025-03-02 09:26:22,2025-03-24 09:26:22
c699b8f3-07d9-4810-b8ae-c7b3ec149553,9a0c4139-b430-4d25-bc28-f29889ea9666,914824f8-fab7-4a3c-a6e5-c961900b5acc,depends_on,0.9,notification-deve-0100 depends on memcached-test-0160,3306,TCP,false,2025-12-29 08:25:03,2026-01-06 08:25:03
fe1ee80c-fd2e-4a12-9b3d-876b769e2bca,d8f86bc5-085f-411c-81c1-de350666a1cd,71aa0d31-05a0-4381-8aaa-0d91b0b10b54,depends_on,0.88,payment-prod-0061 depends on mysql-deve-0280,27017,HTTPS,true,2025-09-20 21:52:14,2025-09-22 21:52:14
99ed78a8-ff30-4c44-8869-c689d43e4511,72000b55-8c89-4ff1-b24d-4f45ba332387,297c4236-81ab-4f6a-a7c6-97c1bd29af43,depends_on,1.0,analytics-prod-0053 depends on elasticsearch-stag-0164,6379,HTTPS,true,2025-08-17 23:55:09,2025-08-19 23:55:09
72764614-7ac1-41c9-b9db-d5505f31a654,a572d46c-c254-467f-8606-c5f07a9dc0cf,1c04e7eb-f642-447d-af1b-4695f68b5815,uses,0.88,auth-prod-0269 uses rabbitmq-prod-0014,5432,,false,2025-04-15 07:29:29,2025-05-14 07:29:29
c76c9f3c-6a48-42cc-87dc-1e79ff295998,814d8b81-f810-494f-b717-b717956d1126,ce08359f-471d-4a16-b8c2-4108bbf0c2d9,depends_on,0.86,auth-test-0042 depends on varnish-stag-0059,,TCP,false,2025-03-09 08:36:35,2025-03-13 08:36:35
2a0229c8-60be-4d68-a984-37d8a8b0922e,0ac19ee3-e222-4517-abd9-a1813ccb8d98,914824f8-fab7-4a3c-a6e5-c961900b5acc,depends_on,0.76,notification-test-0209 depends on memcached-test-0160,,gRPC,false,2025-11-21 11:56:33,2025-12-18 11:56:33
08a03f0b-df1e-479d-ab11-c802ef131d0c,229c28c0-a0ba-47c7-81bb-999769580c0f,416bf5d6-d82d-4108-9771-57ea441b2bfc,hosts,0.56,api-test-0145 hosts payment-test-0025,27017,HTTPS,false,2025-08-16 05:21:33,2025-08-28 05:21:33
bd6dcf4d-352b-4d2a-9fe6-fca12a78646e,435d2b5f-571b-4398-b9e9-1ffa9c5f98e2,885fe480-b61e-45e5-a039-d73240d9206a,depends_on,0.54,reporting-stag-0072 depends on mysql-prod-0152,,HTTPS,false,2025-11-01 00:11:20,2025-11-06 00:11:20
7405531f-74bb-4203-9527-5d4256be8f81,98dc31e3-b0e8-40c7-b8d3-6c5a36fecd13,b1490d08-7145-47ab-b2cf-fd1861aa61f7,runs_on,0.72,ecs-instance-test-0237 runs on batch-stag-0231,5432,HTTP,true,2025-03-16 10:50:49,2025-03-16 10:50:49
caadc118-5e11-4e78-90a4-5c75a499c263,56af5661-8b95-4621-ac58-75277ee7246d,d4f78d5c-f7c7-4254-84f4-f0c35cb5ca65,uses,0.98,payment-test-0185 uses sqs-deve-0155,80,TCP,false,2025-11-01 04:09:59,2025-11-11 04:09:59
a200dd04-a31a-409a-85d7-2a5672c2e68b,a4ed7edb-cee2-4c26-9e55-02f31aac1ad3,79e8a3e6-f463-449c-9464-6f24165d3163,depends_on,0.73,inventory-deve-0091 depends on varnish-dr-0079,3306,,true,2026-01-01 06:51:14,2026-01-03 06:51:14
5fd94f8e-5cd5-4987-a7ba-918856e34659,f3d0f0ce-6c97-4ce1-aa41-c4ac1a25b6c7,9643e962-263d-4fe4-a3fe-dd7908849019,depends_on,0.74,reporting-dr-0110 depends on elasticsearch-deve-0204,80,HTTP,false,2025-12-31 12:30:06,2026-01-04 12:30:06
708bef47-253e-4e62-b823-1e808a0bdbca,72000b55-8c89-4ff1-b24d-4f45ba332387,92691dcf-7185-4abf-91db-1ea46dd88e54,depends_on,0.81,analytics-prod-0053 depends on mysql-prod-0134,443,TCP,true,2025-03-22 04:25:01,2025-04-10 04:25:01
af563043-506f-4a0a-b5b4-e4fa3f62d871,a77a6d57-c76c-4270-8aa5-ff9fe930e999,ea634f6b-18d9-48dd-b781-9a263130947e,depends_on,0.66,reporting-prod-0127 depends on redis-stag-0161,3306,HTTPS,false,2025-07-23 02:26:40,2025-08-17 02:26:40
c324fb84-c922-4502-a9b1-4ece871b3ed7,814d8b81-f810-494f-b717-b717956d1126,6d2fefcc-d247-4e40-bf71-1a85c5912d94,depends_on,0.53,auth-test-0042 depends on redis-deve-0253,6379,HTTP,false,2025-04-30 00:01:23,2025-05-05 00:01:23
d854e2bc-5b8e-42e3-b6fa-81d6808be52e,6661fb75-7dbb-4f47-b01e-c9b7a0eaf174,085d7169-2d0c-42e5-95e9-43f0a46cf16f,connects_to,0.94,nlb-prod-0028 connects to api-test-0201,443,TCP,true,2025-04-21 12:22:36,2025-05-20 12:22:36
3d05a6f5-1ed2-4822-916d-87f7895221e2,ad4fae2e-e2a8-44f5-abc3-21152c8b1acd,15ec5d06-931e-4eba-a23f-bb1d2c2f334d,depends_on,0.6,inventory-deve-0174 depends on mongodb-prod-0175,6379,,false,2025-10-01 16:25:40,2025-10-08 16:25:40
3da397e3-74ba-4466-b2ac-ae96ddd2b123,55e6ee5c-7cdb-4d54-986a-643aa9c06e7d,a572d46c-c254-467f-8606-c5f07a9dc0cf,hosts,0.81,app-stag-0101 hosts auth-prod-0269,6379,HTTPS,false,2025-12-10 15:00:45,2025-12-27 15:00:45
5c8c60b8-7628-4ca6-a44f-e4a0538c6ad3,a4ed7edb-cee2-4c26-9e55-02f31aac1ad3,6248a644-c43d-43eb-8614-d8a47f11dd1b,depends_on,0.68,inventory-deve-0091 depends on mysql-test-0234,5432,gRPC,false,2025-03-21 10:20:31,2025-04-11 10:20:31
1467b29f-3e23-4e52-82eb-3a6e4b66d1a1,72000b55-8c89-4ff1-b24d-4f45ba332387,05b9211d-5d09-40a8-9470-a7f98512e39b,depends_on,0.84,analytics-prod-0053 depends on redis-stag-0094,,gRPC,true,2025-03-29 17:14:26,2025-04-19 17:14:26
9e755da1-cf21-4f5b-8a60-b31288aa8fbc,5bdee3a1-05a9-4e88-9d3e-a74851b2215b,f965c2fd-a259-46b6-be63-8ae76bfa119f,depends_on,0.63,payment-stag-0217 depends on varnish-test-0142,,TCP,true,2025-05-19 03:38:01,2025-05-20 03:38:01
c48e48f8-8657-4b7b-b79d-531a5d5d37be,f742d55b-b242-49de-b00b-0ae2f8feae58,c4babe32-8982-4b1f-914c-f802f712eae9,depends_on,0.54,notification-test-0036 depends on memcached-deve-0189,5432,gRPC,false,2025-10-21 16:02:00,2025-10-31 16:02:00
f2c3d1b1-7011-4248-a74c-e80cecab9648,5856c89b-8778-4534-a29c-7487b60e9fa8,0f3a16ca-0be2-443d-b557-92ac62e59943,connects_to,0.93,haproxy-prod-0055 connects to worker-stag-0071,9092,HTTP,true,2025-06-02 02:49:47,2025-06-20 02:49:47
86a90b6a-02ad-4446-bf08-3a7100ac5782,2ce49ea2-8ac7-486e-8e33-2382e6ddf64c,562e6177-63d7-4939-a7d4-8429f3e87fcd,hosts,0.57,proxy-prod-0219 hosts inventory-prod-0124,5432,HTTPS,false,2025-08-18 01:24:21,2025-08-24 01:24:21
a4e74905-3e38-4042-915d-927784444f57,72000b55-8c89-4ff1-b24d-4f45ba332387,341e3d74-6345-4aa2-9ed5-4014c04af43a,depends_on,0.93,analytics-prod-0053 depends on varnish-prod-0082,,gRPC,true,2025-04-10 15:51:11,2025-04-20 15:51:11
9bf5ec6d-4fed-42da-a897-8fd4c753b141,ad4fae2e-e2a8-44f5-abc3-21152c8b1acd,cfd41bac-b919-4e60-8b96-f33b99ec0749,depends_on,0.98,inventory-deve-0174 depends on redis-deve-0273,3306,,false,2025-04-22 11:02:11,2025-05-19 11:02:11
b0da980d-1de1-4610-ad8d-cd9e267dc97e,92dcacfe-61e1-4ab5-9b98-a3fd80a32be5,6248a644-c43d-43eb-8614-d8a47f11dd1b,depends_on,0.8,analytics-prod-0229 depends on mysql-test-0234,,HTTPS,true,2025-10-08 19:41:17,2025-10-21 19:41:17
1cf7f5bb-335c-44a3-afa2-cb573ee3b9d3,01ce1a73-0693-4883-89ee-1e755d1ad318,ea634f6b-18d9-48dd-b781-9a263130947e,depends_on,0.95,auth-prod-0208 depends on redis-stag-0161,3306,,false,2025-11-23 19:54:19,2025-12-06 19:54:19
bb484f3e-9d72-4c51-aea4-dcddf5f2dc40,3e54714a-006f-484a-853f-962e8575ddd6,f3577d37-07cd-4e34-9832-4b2efcb32a92,depends_on,0.77,auth-prod-0264 depends on memcached-test-0207,,TCP,false,2025-02-18 03:18:25,2025-02-25 03:18:25
80e0c324-0b3e-420e-ba1e-914bcf929828,416bf5d6-d82d-4108-9771-57ea441b2bfc,15ec5d06-931e-4eba-a23f-bb1d2c2f334d,depends_on,0.68,payment-test-0025 depends on mongodb-prod-0175,5432,TCP,true,2025-05-22 16:38:22,2025-06-12 16:38:22
065a596d-33de-4bd7-af62-a1b392d15842,51433cfe-b9a1-4192-8f3b-029eae9e262a,2ce49ea2-8ac7-486e-8e33-2382e6ddf64c,connects_to,0.59,haproxy-stag-0129 connects to proxy-prod-0219,27017,gRPC,false,2025-04-12 02:33:59,2025-04-12 02:33:59
be2f181c-6736-4184-a83c-c2f32bde6d81,0ac19ee3-e222-4517-abd9-a1813ccb8d98,f3577d37-07cd-4e34-9832-4b2efcb32a92,depends_on,0.71,notification-test-0209 depends on memcached-test-0207,6379,,false,2025-02-16 22:36:22,2025-03-13 22:36:22
57da1481-90b7-4673-b5c4-e084eb7706eb,435d2b5f-571b-4398-b9e9-1ffa9c5f98e2,931fe2e2-029b-44ae-9f68-e184c94b7e3b,depends_on,0.76,reporting-stag-0072 depends on redis-test-0279,27017,TCP,true,2025-07-21 13:48:12,2025-08-01 13:48:12
9316510b-afe6-4eab-aa65-1b3e9c919f44,5bdee3a1-05a9-4e88-9d3e-a74851b2215b,c55f29f5-6dc2-48d6-a219-5729b0cc9217,depends_on,0.85,payment-stag-0217 depends on memcached-prod-0077,5432,HTTP,false,2025-12-29 08:09:09,2026-01-05 08:09:09
8d4cf63e-a0c9-4928-b2a5-ff133dda309c,2a8cb3d9-3bc6-4761-93c3-06c64e79f707,f18b28fa-242a-4295-83dd-7be8aa7598a1,connects_to,0.84,app-test-0116 connects to lambda-prod-0165,6379,TCP,true,2025-06-17 06:08:31,2025-06-28 06:08:31
3a0f8437-95e5-4b62-90cd-995b5283a034,cc7f94d9-4b88-4b35-bed5-ed76c4fc502b,c4babe32-8982-4b1f-914c-f802f712eae9,backed_by,0.95,efs-deve-0232 backed by memcached-deve-0189,,TCP,true,2025-03-05 18:39:55,2025-04-02 18:39:55
8512f384-beee-485c-9ebd-b76db15230ed,d8f86bc5-085f-411c-81c1-de350666a1cd,e2d9e46d-b154-4b8e-b9cf-825f10f0496f,depends_on,0.56,payment-prod-0061 depends on mongodb-stag-0052,3306,gRPC,true,2025-04-25 21:51:16,2025-05-01 21:51:16
f0fbb68b-63d8-4962-9392-2c49b4f6ff3e,fb91483d-7e2d-456d-8439-8035e83a2e25,9a0c4139-b430-4d25-bc28-f29889ea9666,hosts,0.71,worker-prod-0259 hosts notification-deve-0100,80,HTTPS,true,2025-10-01 00:25:50,2025-10-01 00:25:50
fca2c2fe-d1bb-4535-abad-0c79a4aae81e,7afc5aeb-220e-480b-b2a3-a167c8bc53ea,621d1ee7-e1d4-420b-9258-eb8593c9371f,depends_on,0.79,payment-stag-0288 depends on memcached-stag-0266,27017,gRPC,false,2025-07-22 02:47:49,2025-08-13 02:47:49
cc9719ac-0992-404c-bc5a-7aaec3373296,db0b339c-5280-4b30-a50f-fbbe101b1e7c,96a58197-b97d-4547-86cf-14bfbd5c5988,connects_to,0.57,blob-prod-0117 connects to lambda-deve-0248,6379,gRPC,false,2025-06-27 13:31:50,2025-07-16 13:31:50
9c0de1c0-ba1d-4e98-a886-0a615c91e848,55e6ee5c-7cdb-4d54-986a-643aa9c06e7d,f3d0f0ce-6c97-4ce1-aa41-c4ac1a25b6c7,hosts,0.56,app-stag-0101 hosts reporting-dr-0110,27017,,true,2025-04-23 20:28:10,2025-05-01 20:28:10
acb734a8-67f7-499e-a129-f00df0cdd936,bb88d143-268d-4d11-aca7-4e961b2e1343,0f3a16ca-0be2-443d-b557-92ac62e59943,connects_to,0.97,nlb-deve-0087 connects to worker-stag-0071,3306,gRPC,false,2025-02-13 02:32:14,2025-02-17 02:32:14
88aa5a84-9dbd-4c95-9a6c-985576d9dca8,b0c9bb08-2970-4fd8-bf05-3afe018b769d,5b789c9e-db0c-405f-b686-5fe0e7771dc9,depends_on,0.74,inventory-prod-0283 depends on redis-stag-0146,6379,,false,2025-12-28 22:34:07,2026-01-22 22:34:07
ee8b3053-998f-401e-a6b6-e26d5d5a002d,ae268222-887b-4a35-addd-188080d29c67,f303daa9-7e8b-4613-ba94-4914a48a7d31,backed_by,0.7,mongodb-stag-0244 backed by s3-prod-0032,5432,gRPC,false,2025-07-07 12:42:38,2025-07-17 12:42:38
e59574d6-0b75-4088-94ed-07740a76ddb2,a77a6d57-c76c-4270-8aa5-ff9fe930e999,6d2fefcc-d247-4e40-bf71-1a85c5912d94,depends_on,0.89,reporting-prod-0127 depends on redis-deve-0253,6379,HTTP,true,2025-10-27 19:53:44,2025-11-13 19:53:44
618ac419-4162-4845-bfce-ea093a8de757,8edcdf0f-86fa-4f27-afb0-ac117ea2faf0,51825d70-253f-4836-a05f-b6b7723ca400,backed_by,0.57,varnish-stag-0262 backed by lambda-test-0029,9092,HTTPS,false,2025-08-04 02:16:56,2025-08-04 02:16:56
e0c52e69-dc7a-4e01-b3b8-38c555e0dd1b,55d8be61-f771-4a79-b854-61daaf9dc77a,92691dcf-7185-4abf-91db-1ea46dd88e54,depends_on,0.54,reporting-stag-0216 depends on mysql-prod-0134,,gRPC,false,2025-09-17 08:14:03,2025-09-26 08:14:03
9a0af52a-23be-4a1f-9197-8b1b2556803e,cbc3c3b4-4680-439d-b3b5-c2edf6a42453,15ec5d06-931e-4eba-a23f-bb1d2c2f334d,depends_on,0.8,auth-prod-0240 depends on mongodb-prod-0175,3306,HTTP,false,2025-04-13 09:11:10,2025-05-10 09:11:10
18d0750c-c453-449c-94c6-7d0c0a6732ba,a5f38f7f-1eca-4e37-9d3d-8e7a401d1fb7,bd2d94ed-97a0-4e3f-abb1-7cc625a5af40,runs_on,0.73,k8s-node-deve-0220 runs on batch-stag-0202,3306,HTTP,true,2025-05-01 08:02:39,2025-05-13 08:02:39
05dae7d5-3fc0-4929-a3db-c38b97ef18d2,a572d46c-c254-467f-8606-c5f07a9dc0cf,e486e606-c9b3-48db-bec0-4bffe4b83bcd,depends_on,0.65,auth-prod-0269 depends on redis-stag-0009,,HTTP,true,2025-07-05 09:06:52,2025-07-05 09:06:52
adcb4474-f4a0-403a-ae9f-5e0fcce3a0c8,56af5661-8b95-4621-ac58-75277ee7246d,71aa0d31-05a0-4381-8aaa-0d91b0b10b54,depends_on,0.56,payment-test-0185 depends on mysql-deve-0280,6379,gRPC,true,2025-12-23 05:00:44,2026-01-21 05:00:44
c7b9d03e-6719-43af-a852-59576d8f22a5,a4ed7edb-cee2-4c26-9e55-02f31aac1ad3,341e3d74-6345-4aa2-9ed5-4014c04af43a,depends_on,0.8,inventory-deve-0091 depends on varnish-prod-0082,27017,,false,2025-10-10 14:14:13,2025-10-23 14:14:13
bfc09d54-cd12-40ad-b1ca-b005ba578b12,f237a3e1-b381-4e50-b82d-03060674d7a7,25f82df2-f9fe-4249-8aa4-e2b57bea8eed,connects_to,0.58,alb-prod-0139 connects to web-prod-0274,80,HTTP,false,2025-02-08 21:15:26,2025-03-08 21:15:26
05f0c867-2c69-43e1-9f99-6297d8eef4f4,30011f97-4114-48c0-983a-ac6d08de411a,92dcacfe-61e1-4ab5-9b98-a3fd80a32be5,hosts,0.52,web-stag-0199 hosts analytics-prod-0229,6379,,false,2025-12-23 00:46:07,2025-12-25 00:46:07
0d238119-5e19-43d2-93f2-75f38d5fbfff,0f3a16ca-0be2-443d-b557-92ac62e59943,81199b18-9e70-4cb1-9c73-46f498479de1,hosts,0.94,worker-stag-0071 hosts payment-deve-0119,6379,HTTPS,false,2025-11-05 23:33:12,2025-11-27 23:33:12
d4618081-b74a-4e55-8f3f-4fa00b2c0ca9,9a0c4139-b430-4d25-bc28-f29889ea9666,a762eb0b-9e18-4ff8-b23d-82a8d0777a7c,uses,0.89,notification-deve-0100 uses sqs-stag-0158,9092,HTTPS,false,2025-06-25 01:23:19,2025-06-30 01:23:19
c19ecc09-e9ba-4a55-8cc6-6c31170808e9,f3d0f0ce-6c97-4ce1-aa41-c4ac1a25b6c7,7beb4a07-02dc-42d7-9e5f-91b42094973d,depends_on,0.9,reporting-dr-0110 depends on redis-deve-0210,443,gRPC,false,2025-05-24 18:40:04,2025-05-26 18:40:04
57f37333-5684-46e5-b3e3-5be591c4681d,9a0c4139-b430-4d25-bc28-f29889ea9666,8c4d8322-e2e1-4373-b5bb-761b9c5313e1,depends_on,0.66,notification-deve-0100 depends on elasticsearch-stag-0005,27017,HTTP,false,2025-10-04 00:29:08,2025-11-01 00:29:08
f3b076a1-59c0-4e52-8dfb-c244c8a685fd,56af5661-8b95-4621-ac58-75277ee7246d,aef14eab-b503-4490-a376-6d32d158c896,uses,0.56,payment-test-0185 uses rabbitmq-prod-0001,3306,HTTP,false,2025-04-01 19:54:12,2025-04-07 19:54:12
2d7cd55f-f6bc-49f2-af7f-e183f1265956,435d2b5f-571b-4398-b9e9-1ffa9c5f98e2,1267b3ea-59b3-47f4-bae3-5c9dcbfca46e,depends_on,0.51,reporting-stag-0072 depends on postgres-prod-0177,,gRPC,true,2025-03-29 14:38:16,2025-04-01 14:38:16
fd7fe01d-d247-4ffc-bd0b-6bc36006f40c,b0c9bb08-2970-4fd8-bf05-3afe018b769d,6d2fefcc-d247-4e40-bf71-1a85c5912d94,depends_on,0.56,inventory-prod-0283 depends on redis-deve-0253,6379,TCP,true,2025-03-03 04:53:11,2025-03-24 04:53:11
2566d050-acef-4a7f-a0ac-4b5109bee2c3,22396410-1036-47d7-8867-30d3ce4dc70e,b950ac21-bfc5-475a-a423-8ef1b95e1d70,depends_on,0.79,inventory-deve-0084 depends on mongodb-stag-0057,5432,HTTP,false,2025-12-05 19:17:10,2025-12-05 19:17:10
fdb8fa25-cfea-41d1-823d-f97f10e8897f,a762ae60-ba9f-4dc0-b2c3-a5fe6de5dff8,6d2fefcc-d247-4e40-bf71-1a85c5912d94,depends_on,0.58,auth-prod-0157 depends on redis-deve-0253,5432,,false,2025-07-29 00:37:51,2025-08-01 00:37:51
513e7676-da71-4ea5-ad64-f01cac09f68d,754ff9c8-947e-40b0-a868-92164576adca,42f1a97a-01e6-47b4-9089-582e3a478b74,runs_on,0.96,k8s-node-prod-0293 runs on worker-test-0020,,HTTPS,false,2025-03-22 19:35:59,2025-03-27 19:35:59
46964060-4e5b-4459-b4b8-a28cca28d249,30011f97-4114-48c0-983a-ac6d08de411a,43678587-66aa-41ec-ab2a-b9478c447b9e,hosts,0.76,web-stag-0199 hosts analytics-stag-0218,9092,TCP,false,2025-09-05 19:36:33,2025-09-15 19:36:33
e0c55185-5375-44e6-a442-0b1ef0752594,5bdee3a1-05a9-4e88-9d3e-a74851b2215b,ca74401b-710b-4f84-941f-6fdbc647f0d9,depends_on,0.54,payment-stag-0217 depends on mysql-prod-0128,,TCP,false,2025-11-12 13:17:10,2025-11-26 13:17:10
6ee89b9c-ab49-4866-a2f0-ee2c96bbb683,1ae43366-a924-4d2d-837e-e481f1b002b7,f742d55b-b242-49de-b00b-0ae2f8feae58,runs_on,0.51,f5-stag-0097 runs on notification-test-0036,,TCP,false,2025-08-07 18:20:08,2025-08-23 18:20:08
63443f78-ab74-437a-a541-6dfea632f305,f3d0f0ce-6c97-4ce1-aa41-c4ac1a25b6c7,914824f8-fab7-4a3c-a6e5-c961900b5acc,depends_on,0.99,reporting-dr-0110 depends on memcached-test-0160,3306,TCP,false,2025-08-25 09:18:33,2025-08-31 09:18:33
bde22486-a227-4514-be88-89ce216ce8cc,cbc3c3b4-4680-439d-b3b5-c2edf6a42453,961abb14-ec2f-4cd1-ace0-151d7f12dfc6,uses,0.88,auth-prod-0240 uses sqs-test-0265,6379,gRPC,false,2025-10-13 21:56:53,2025-11-03 21:56:53
a6316392-a4fd-4e65-b53e-0664ccc6774b,a5f38f7f-1eca-4e37-9d3d-8e7a401d1fb7,b1490d08-7145-47ab-b2cf-fd1861aa61f7,runs_on,0.81,k8s-node-deve-0220 runs on batch-stag-0231,3306,TCP,true,2025-10-12 20:12:42,2025-10-13 20:12:42
43fcbf7a-ab64-4c34-a7d4-df426c931d8a,55e6ee5c-7cdb-4d54-986a-643aa9c06e7d,43678587-66aa-41ec-ab2a-b9478c447b9e,hosts,0.58,app-stag-0101 hosts analytics-stag-0218,443,TCP,false,2025-12-06 23:42:42,2025-12-22 23:42:42
b3b81937-b687-420c-9931-b02c01e76a0b,b1490d08-7145-47ab-b2cf-fd1861aa61f7,a572d46c-c254-467f-8606-c5f07a9dc0cf,hosts,0.77,batch-stag-0231 hosts auth-prod-0269,80,TCP,false,2025-10-16 21:20:04,2025-11-13 21:20:04
4abd4741-980b-486f-a7d7-58c3769dfe63,754ff9c8-947e-40b0-a868-92164576adca,be8068dd-2ddd-4788-a1ec-e795f8dfea6f,runs_on,0.72,k8s-node-prod-0293 runs on app-stag-0172,6379,gRPC,false,2025-04-26 05:42:07,2025-04-29 05:42:07
ae0657ad-91d3-4107-b0b4-77e7b662e9c5,10a9a8fb-ebd3-41b3-a2df-a14fa18ed7d8,226eb2c0-965c-41ff-89cb-f2ebde4dcd23,backed_by,0.8,elasticsearch-deve-0018 backed by nfs-prod-0126,9092,,false,2025-06-15 05:49:08,2025-07-09 05:49:08
dfc5cfed-69d1-43f5-b295-ca2adc74857c,ad1610bb-19b7-41bf-8d7c-4c4246ba5aea,9a0c4139-b430-4d25-bc28-f29889ea9666,hosts,0.9,api-deve-0034 hosts notification-deve-0100,80,HTTPS,false,2025-08-07 00:30:35,2025-08-20 00:30:35
02fe387a-8342-4f23-a650-437976cd4ead,a5c64c89-6e19-4330-87bc-9ba55b6d53f8,be8068dd-2ddd-4788-a1ec-e795f8dfea6f,connects_to,0.96,f5-test-0187 connects to app-stag-0172,443,HTTPS,true,2025-11-30 14:54:01,2025-12-05 14:54:01
58b539c6-5716-4537-875a-b9b2f03724cc,01ce1a73-0693-4883-89ee-1e755d1ad318,e486e606-c9b3-48db-bec0-4bffe4b83bcd,depends_on,0.93,auth-prod-0208 depends on redis-stag-0009,9092,HTTPS,true,2025-09-24 11:45:22,2025-10-09 11:45:22
178d8e31-cc24-4c1b-a5fc-98ab28cb3d23,e941457f-cc1f-402f-9214-49513aec3cb9,b905cdb4-7dc5-444d-9a69-047d0ee27d6b,backed_by,0.91,elasticsearch-stag-0106 backed by s3-deve-0096,27017,HTTP,false,2025-10-13 06:06:46,2025-10-24 06:06:46
68901e64-c9e1-4187-a66a-8e93297d94aa,d8f86bc5-085f-411c-81c1-de350666a1cd,68ed92a2-cecd-4396-8f7d-022a501860d9,depends_on,0.63,payment-prod-0061 depends on varnish-prod-0223,6379,,false,2025-05-20 22:16:12,2025-05-27 22:16:12
65870f45-39bf-4543-9ef3-72d3bc17bc60,302f9205-eb2b-4f84-b7aa-cd3a408ba887,ae268222-887b-4a35-addd-188080d29c67,runs_on,0.9,ecs-instance-prod-0272 runs on mongodb-stag-0244,6379,,false,2025-05-19 00:27:11,2025-06-01 00:27:11
12e115f0-66e6-4eb3-8f7b-308eaac50abe,45b3a6c3-b60e-4c63-b36f-2c3a6b849a7d,961abb14-ec2f-4cd1-ace0-151d7f12dfc6,hosts,0.61,nfs-test-0010 hosts sqs-test-0265,,HTTPS,false,2025-11-23 05:58:59,2025-12-10 05:58:59
71491c2d-236d-4df4-8877-a69e1d59d5e1,f5843d2b-a319-483e-aa69-f0d891590fe6,30011f97-4114-48c0-983a-ac6d08de411a,runs_on,0.62,ecs-instance-test-0184 runs on web-stag-0199,6379,gRPC,false,2025-09-24 17:11:13,2025-10-21 17:11:13
3abfbcb6-2d44-422f-a62c-c2385c86d8af,86c844a0-5057-4c71-b389-f1886d1d60b0,ea634f6b-18d9-48dd-b781-9a263130947e,depends_on,0.82,inventory-prod-0135 depends on redis-stag-0161,6379,,true,2025-06-16 22:15:31,2025-06-23 22:15:31
92edd4a5-888f-455b-90b4-92844536d082,a77a6d57-c76c-4270-8aa5-ff9fe930e999,8c4d8322-e2e1-4373-b5bb-761b9c5313e1,depends_on,0.73,reporting-prod-0127 depends on elasticsearch-stag-0005,9092,gRPC,false,2025-06-05 23:06:51,2025-06-06 23:06:51
bc29a144-0896-484e-81a6-b3e4def59822,a762ae60-ba9f-4dc0-b2c3-a5fe6de5dff8,4af68ae3-dc8d-4c1e-92a6-8e0444f351b0,depends_on,0.89,auth-prod-0157 depends on mongodb-dr-0064,6379,,true,2025-02-14 21:12:56,2025-03-13 21:12:56
c529295a-2461-4c17-9dd8-85f658175159,a572d46c-c254-467f-8606-c5f07a9dc0cf,8c4d8322-e2e1-4373-b5bb-761b9c5313e1,depends_on,0.66,auth-prod-0269 depends on elasticsearch-stag-0005,6379,TCP,false,2025-02-28 14:51:48,2025-03-13 14:51:48
0597b21d-c900-4fd8-9931-a5b3dd802278,754ff9c8-947e-40b0-a868-92164576adca,af4c187f-3989-4bfb-933d-65a209173a7c,depends_on,0.97,k8s-node-prod-0293 depends on cloudfunction-prod-0257,6379,gRPC,false,2025-10-26 08:56:24,2025-11-02 08:56:24
03392928-3284-4f85-9f17-5fb449c8cb61,5bdee3a1-05a9-4e88-9d3e-a74851b2215b,50133837-0d53-423c-adc3-3525fc0fb685,hosts,0.61,payment-stag-0217 hosts k8s-node-deve-0112,6379,gRPC,false,2025-03-26 18:11:05,2025-04-22 18:11:05
419d6203-1140-4180-bd43-db01cee3da9b,0b31c2e5-c214-4363-a48f-3d68e5615aee,fb8f7a9d-4477-414d-8757-8785cc388e5d,connects_to,0.91,s3-deve-0143 connects to elasticsearch-deve-0075,80,,true,2025-10-02 01:11:48,2025-10-25 01:11:48
9c28bae5-869e-4d9b-8160-2e1a9e7bce5e,9f0ae9df-e036-4441-806b-93559c1eb053,085d7169-2d0c-42e5-95e9-43f0a46cf16f,connects_to,0.98,nlb-stag-0153 connects to api-test-0201,27017,TCP,false,2025-07-09 11:04:16,2025-07-16 11:04:16
3067b536-9999-4802-a868-8a46dfc7c7ab,fcb3133e-7dc2-4337-8ab0-479a3df85769,2f284e96-d619-41df-bda1-ac64efa78b75,backed_by,0.96,redis-test-0115 backed by efs-stag-0090,27017,gRPC,false,2025-05-18 17:38:29,2025-05-26 17:38:29
8ac195c0-9e52-491b-b954-8b4ac1a0ab15,e2d9e46d-b154-4b8e-b9cf-825f10f0496f,36cb5c1b-de9b-4fc1-a97c-180475538a7f,backed_by,0.53,mongodb-stag-0052 backed by s3-prod-0083,9092,,false,2025-06-14 06:14:34,2025-07-01 06:14:34
86814cd0-0f33-46bb-897c-db18511f7899,ad1610bb-19b7-41bf-8d7c-4c4246ba5aea,562e6177-63d7-4939-a7d4-8429f3e87fcd,hosts,0.9,api-deve-0034 hosts inventory-prod-0124,3306,TCP,false,2025-12-20 03:57:05,2026-01-09 03:57:05
62da9553-fe69-493c-8c1f-7dcf13b5c606,229c28c0-a0ba-47c7-81bb-999769580c0f,7afc5aeb-220e-480b-b2a3-a167c8bc53ea,hosts,0.92,api-test-0145 hosts payment-stag-0288,9092,HTTPS,false,2025-12-29 16:32:39,2026-01-25 16:32:39
a7b381eb-ee32-4970-a0dd-fb1d4bc2ca4b,01ce1a73-0693-4883-89ee-1e755d1ad318,f965c2fd-a259-46b6-be63-8ae76bfa119f,depends_on,0.71,auth-prod-0208 depends on varnish-test-0142,3306,gRPC,false,2025-05-12 14:52:50,2025-06-11 14:52:50
7f8f7724-9c05-406c-ace5-aa1a7573c58e,42f1a97a-01e6-47b4-9089-582e3a478b74,daea5281-7245-4dbf-96fd-549047824b30,hosts,0.6,worker-test-0020 hosts reporting-prod-0136,3306,TCP,false,2025-03-18 04:38:38,2025-03-31 04:38:38
628f9bb6-4aca-4d3e-8d63-dbd1e80453c2,7afc5aeb-220e-480b-b2a3-a167c8bc53ea,ea634f6b-18d9-48dd-b781-9a263130947e,depends_on,0.56,payment-stag-0288 depends on redis-stag-0161,5432,HTTP,false,2025-09-21 05:47:57,2025-10-17 05:47:57
960d1eb0-cab1-4cc2-a849-3d0a626f2a6a,a572d46c-c254-467f-8606-c5f07a9dc0cf,914824f8-fab7-4a3c-a6e5-c961900b5acc,depends_on,0.93,auth-prod-0269 depends on memcached-test-0160,5432,HTTPS,false,2025-04-08 03:30:40,2025-04-14 03:30:40
5ca01e95-f972-46a3-baa8-fd3c335c1f37,be8068dd-2ddd-4788-a1ec-e795f8dfea6f,5396b87f-69d5-49d0-8991-08349380bd98,hosts,0.73,app-stag-0172 hosts reporting-dr-0151,5432,HTTPS,false,2025-06-01 10:17:48,2025-06-21 10:17:48
c4855640-ad42-4568-85c6-770463eec425,9a0c4139-b430-4d25-bc28-f29889ea9666,8ea488ce-98b4-484e-a583-2f435a9e805a,depends_on,0.86,notification-deve-0100 depends on varnish-prod-0144,9092,,true,2025-08-22 19:32:03,2025-08-25 19:32:03
e909e7ef-eb0d-4049-a877-a6057c81a56d,4e4a0b9f-3a53-4c2c-823c-d92a1e871904,c4babe32-8982-4b1f-914c-f802f712eae9,depends_on,0.97,auth-prod-0149 depends on memcached-deve-0189,80,TCP,true,2025-08-01 09:53:06,2025-08-20 09:53:06
59f51957-c56b-42a0-8feb-1d1004ea9609,814d8b81-f810-494f-b717-b717956d1126,ffbae98c-2274-4ceb-86e6-1ce97c090642,uses,0.58,auth-test-0042 uses kafka-prod-0180,,HTTPS,false,2025-05-02 21:17:04,2025-05-06 21:17:04
71d46a9e-9a04-4fe6-99eb-6c24567ba504,7afc5aeb-220e-480b-b2a3-a167c8bc53ea,1267b3ea-59b3-47f4-bae3-5c9dcbfca46e,depends_on,0.56,payment-stag-0288 depends on postgres-prod-0177,80,HTTP,false,2025-04-13 21:17:19,2025-05-09 21:17:19
34c93b86-e3c9-43ae-958d-1371dd271dba,5bdee3a1-05a9-4e88-9d3e-a74851b2215b,1267b3ea-59b3-47f4-bae3-5c9dcbfca46e,depends_on,0.81,payment-stag-0217 depends on postgres-prod-0177,6379,,false,2025-06-24 21:23:28,2025-07-22 21:23:28
1f59b73b-3b87-45be-836a-7134b2aa2022,a572d46c-c254-467f-8606-c5f07a9dc0cf,fb8f7a9d-4477-414d-8757-8785cc388e5d,depends_on,0.82,auth-prod-0269 depends on elasticsearch-deve-0075,,TCP,true,2025-11-12 11:44:37,2025-11-13 11:44:37
caa6e8fa-2d91-4546-aaff-a78937402f2f,814d8b81-f810-494f-b717-b717956d1126,5c57a0dc-cc93-490f-91fc-639c68aba9f1,depends_on,0.85,auth-test-0042 depends on mysql-prod-0191,9092,TCP,false,2025-06-13 17:45:45,2025-07-12 17:45:45
c869597a-95d7-4ed3-93f9-45405962aa76,af7308a2-f409-471d-90ab-51431150cea6,0f3a16ca-0be2-443d-b557-92ac62e59943,runs_on,0.6,docker-host-prod-0156 runs on worker-stag-0071,6379,HTTP,false,2025-07-28 15:12:53,2025-08-20 15:12:53
4932afbd-c14e-4f61-9190-b33ddcf7b1fd,86c844a0-5057-4c71-b389-f1886d1d60b0,3182cd1e-ab3b-4864-acab-ae2b5c566e4b,depends_on,0.88,inventory-prod-0135 depends on memcached-stag-0233,3306,gRPC,false,2025-02-03 06:57:33,2025-02-10 06:57:33
c089d7d2-6c74-4cdd-aed9-abc06dea3651,a4ed7edb-cee2-4c26-9e55-02f31aac1ad3,b7cf1f58-a41d-4bb8-b6f2-bf71a28e2b0f,uses,0.96,inventory-deve-0091 uses sqs-dr-0109,443,HTTPS,true,2025-08-11 09:18:04,2025-08-13 09:18:04
ad1c25c8-7199-49af-971c-556eef4c16f8,a14e7873-9d59-4476-b927-6676a2340a25,42f1a97a-01e6-47b4-9089-582e3a478b74,connects_to,0.83,nginx-test-0193 connects to worker-test-0020,,HTTPS,false,2025-07-18 13:24:15,2025-08-10 13:24:15
05553fb8-79fd-40d5-9434-ab2bc478c7b6,ad1610bb-19b7-41bf-8d7c-4c4246ba5aea,ad4fae2e-e2a8-44f5-abc3-21152c8b1acd,hosts,0.87,api-deve-0034 hosts inventory-deve-0174,9092,TCP,false,2025-07-15 13:49:47,2025-07-20 13:49:47
565a7645-e2cb-425b-8ea8-97993ef26438,e8a6fbf5-f04a-43fd-a22b-80345cc2762f,91d96b61-2aaa-4db9-a0a9-6442be0f71e7,depends_on,0.58,payment-stag-0222 depends on postgres-prod-0045,9092,HTTPS,false,2025-02-10 19:23:20,2025-03-12 19:23:20
a1737cb5-9c4e-4afb-a014-19e1212b28d2,a572d46c-c254-467f-8606-c5f07a9dc0cf,ea634f6b-18d9-48dd-b781-9a263130947e,depends_on,0.57,auth-prod-0269 depends on redis-stag-0161,443,HTTPS,false,2025-07-09 09:46:51,2025-07-24 09:46:51
84b1c4ff-72e8-4775-ab8d-f7ac1e036071,bd2d94ed-97a0-4e3f-abb1-7cc625a5af40,435d2b5f-571b-4398-b9e9-1ffa9c5f98e2,hosts,0.81,batch-stag-0202 hosts reporting-stag-0072,9092,gRPC,true,2025-09-05 01:12:53,2025-09-21 01:12:53
acac25ee-6c6c-4636-a0d0-074e127709d3,80944ccf-f3dc-423d-a15f-97dcf0fe291a,a572d46c-c254-467f-8606-c5f07a9dc0cf,hosts,0.82,proxy-prod-0081 hosts auth-prod-0269,443,HTTPS,false,2025-10-28 10:43:45,2025-10-30 10:43:45
613c7e30-febc-47b6-b08d-96ecb312ce28,80944ccf-f3dc-423d-a15f-97dcf0fe291a,56af5661-8b95-4621-ac58-75277ee7246d,hosts,0.71,proxy-prod-0081 hosts payment-test-0185,80,,true,2025-06-08 06:51:10,2025-06-09 06:51:10
c74e3fb4-b7c0-4f41-a1f3-01be65555803,c0346cc2-fb1b-4b23-a2e8-770a3bc5d9c2,814d8b81-f810-494f-b717-b717956d1126,uses,0.87,appservice-stag-0300 uses auth-test-0042,,HTTP,false,2025-02-08 15:57:21,2025-03-06 15:57:21
6e26fb39-5a8b-4bb7-a2c4-ec196049ae6c,c20a31d9-6b75-4fa0-8f8a-7b433bbc9e25,55e6ee5c-7cdb-4d54-986a-643aa9c06e7d,connects_to,0.54,nginx-deve-0297 connects to app-stag-0101,6379,TCP,false,2025-05-19 18:32:47,2025-05-19 18:32:47
9f9e7fba-fe1b-49df-901b-5d68359bbb75,a4ed7edb-cee2-4c26-9e55-02f31aac1ad3,96efae68-2104-4c97-a2d1-12454065d356,depends_on,0.74,inventory-deve-0091 depends on mongodb-deve-0002,9092,,false,2025-04-29 11:41:05,2025-05-08 11:41:05
79189de2-a727-464a-b262-4a871f7e39f4,3511cf54-07cb-43ed-ace8-a27c1b0ae95f,f4416966-308d-44fd-92bf-a9c4e938b7c5,depends_on,0.91,lambda-deve-0065 depends on k8s-node-deve-0070,5432,TCP,true,2025-05-08 15:52:56,2025-05-28 15:52:56
7e0ec848-05f6-4f3e-8759-47323677bf21,4e4a0b9f-3a53-4c2c-823c-d92a1e871904,1267b3ea-59b3-47f4-bae3-5c9dcbfca46e,depends_on,0.6,auth-prod-0149 depends on postgres-prod-0177,6379,gRPC,true,2025-12-18 07:25:01,2025-12-31 07:25:01
7cab3068-b96d-4db2-b6cd-60f6f609e687,81199b18-9e70-4cb1-9c73-46f498479de1,fb8f7a9d-4477-414d-8757-8785cc388e5d,depends_on,0.74,payment-deve-0119 depends on elasticsearch-deve-0075,,,true,2025-09-16 05:28:04,2025-09-25 05:28:04
8d919fb1-88e8-4976-b9a4-eab8eab4f3c3,42f1a97a-01e6-47b4-9089-582e3a478b74,22396410-1036-47d7-8867-30d3ce4dc70e,hosts,0.99,worker-test-0020 hosts inventory-deve-0084,,,false,2025-12-20 03:31:43,2026-01-06 03:31:43
a9c8d5dc-1786-4867-aa0e-13137f1a1f41,e8a6fbf5-f04a-43fd-a22b-80345cc2762f,c4babe32-8982-4b1f-914c-f802f712eae9,depends_on,0.86,payment-stag-0222 depends on memcached-deve-0189,,HTTP,false,2025-10-21 09:19:36,2025-11-06 09:19:36
64ec22df-7113-4309-9349-31e818955e81,01ce1a73-0693-4883-89ee-1e755d1ad318,ae268222-887b-4a35-addd-188080d29c67,depends_on,0.95,auth-prod-0208 depends on mongodb-stag-0244,9092,gRPC,true,2025-03-04 21:33:35,2025-03-23 21:33:35
fa689888-05fa-41c8-96ae-2fb538b46369,ad4fae2e-e2a8-44f5-abc3-21152c8b1acd,961abb14-ec2f-4cd1-ace0-151d7f12dfc6,uses,0.67,inventory-deve-0174 uses sqs-test-0265,5432,,true,2025-05-10 04:53:32,2025-06-08 04:53:32
8b937420-b81a-4df5-b33d-73f70d4f1665,ab0fc8f3-74aa-4ed7-9fed-e51b29d2ea4d,54134703-0ed1-4741-9d8e-0773edcde5b9,backed_by,0.9,switch-dr-0200 backed by nfs-test-0214,3306,,true,2026-01-01 00:55:27,2026-01-23 00:55:27
aa67e98a-8c65-4de0-afdd-9c08ad52dbf4,2a8cb3d9-3bc6-4761-93c3-06c64e79f707,81199b18-9e70-4cb1-9c73-46f498479de1,hosts,0.55,app-test-0116 hosts payment-deve-0119,9092,gRPC,false,2025-12-08 05:43:39,2025-12-14 05:43:39
f84ed3ce-7789-4bed-b2f0-bbb7d11b5585,6c9a291e-f6aa-4d98-afe3-2a6a660576a0,ad1610bb-19b7-41bf-8d7c-4c4246ba5aea,runs_on,0.72,k8s-node-prod-0291 runs on api-deve-0034,5432,TCP,false,2025-03-05 00:06:15,2025-03-20 00:06:15
f388f9da-25f5-435f-8759-2ea07048387b,0ac19ee3-e222-4517-abd9-a1813ccb8d98,397d583b-3182-4e0a-a259-a59b5d305660,depends_on,0.63,notification-test-0209 depends on redis-deve-0150,3306,,false,2025-02-24 08:05:18,2025-02-27 08:05:18
6f7a6454-fa21-42e6-9ab2-390742421391,ad594abc-a87d-45d4-863e-5478c3ac38d5,0f3a16ca-0be2-443d-b557-92ac62e59943,runs_on,0.75,docker-host-prod-0114 runs on worker-stag-0071,3306,TCP,false,2025-11-14 13:20:09,2025-12-13 13:20:09
02fa6e85-9e90-404f-9472-1eac3ea985e9,885fe480-b61e-45e5-a039-d73240d9206a,b905cdb4-7dc5-444d-9a69-047d0ee27d6b,backed_by,0.92,mysql-prod-0152 backed by s3-deve-0096,,gRPC,false,2025-04-11 16:17:07,2025-04-11 16:17:07
c7b715fb-6fca-477f-bb59-411749c53833,3e54714a-006f-484a-853f-962e8575ddd6,5b789c9e-db0c-405f-b686-5fe0e7771dc9,depends_on,0.59,auth-prod-0264 depends on redis-stag-0146,6379,HTTPS,false,2025-06-27 06:11:42,2025-07-10 06:11:42
8073d82d-55f2-4903-ad6a-75b171d98050,c8439fc7-e06c-4ff5-bb91-8cc117e3cc97,92dcacfe-61e1-4ab5-9b98-a3fd80a32be5,hosts,0.9,proxy-deve-0243 hosts analytics-prod-0229,9092,gRPC,false,2025-05-27 16:49:55,2025-06-26 16:49:55
94089a2f-0663-47c3-8ba2-7b5ef86e07bd,f3d0f0ce-6c97-4ce1-aa41-c4ac1a25b6c7,4a796ef7-1079-4e16-913b-f2d9863de199,uses,0.97,reporting-dr-0110 uses kafka-prod-0267,443,HTTPS,false,2025-02-06 06:38:37,2025-03-02 06:38:37
bf7a1fdb-52b8-4311-9be9-395df12677e2,72000b55-8c89-4ff1-b24d-4f45ba332387,0a81b48a-53dd-4342-a938-6a976e652464,depends_on,0.58,analytics-prod-0053 depends on mysql-dr-0168,80,,false,2025-02-19 11:09:46,2025-03-04 11:09:46
9d0faf3a-3a12-4f48-94b5-828ec428f442,79af56a6-fbc7-4166-bdee-e0b103f1bd95,0be27d02-8aa2-4b68-9d93-ebdc531b61be,backed_by,0.85,elasticsearch-deve-0125 backed by nfs-prod-0181,,HTTP,false,2025-12-09 17:09:17,2025-12-28 17:09:17
276f616d-5715-47fc-8262-69026bd9ea74,92691dcf-7185-4abf-91db-1ea46dd88e54,45043937-32b7-4bf3-a7fe-cf6847598801,backed_by,0.67,mysql-prod-0134 backed by efs-prod-0027,3306,,false,2025-02-19 07:22:30,2025-02-28 07:22:30
67b76a6b-2dd3-4eee-ab46-0fce64627670,b0c9bb08-2970-4fd8-bf05-3afe018b769d,ae268222-887b-4a35-addd-188080d29c67,depends_on,0.67,inventory-prod-0283 depends on mongodb-stag-0244,3306,TCP,true,2025-07-10 06:47:20,2025-08-04 06:47:20
8f1e07db-ecd5-400d-86fa-ad051b29f1e1,56af5661-8b95-4621-ac58-75277ee7246d,ea634f6b-18d9-48dd-b781-9a263130947e,depends_on,0.87,payment-test-0185 depends on redis-stag-0161,27017,HTTPS,false,2025-10-16 15:49:43,2025-10-27 15:49:43
b76edd2b-fe70-4788-916a-e6a5781b2bc5,a4ed7edb-cee2-4c26-9e55-02f31aac1ad3,a77b59bc-6f0e-4228-b498-868376945ea5,depends_on,0.87,inventory-deve-0091 depends on mongodb-deve-0182,,HTTPS,false,2025-07-03 08:38:58,2025-07-28 08:38:58
c883cd3b-bca0-4633-88eb-6b677c7b6d9f,6163938c-bc64-4e42-ba65-41e07480bde6,5b789c9e-db0c-405f-b686-5fe0e7771dc9,backed_by,0.86,redis-prod-0154 backed by redis-stag-0146,5432,TCP,false,2025-11-20 16:54:14,2025-12-08 16:54:14
cb30c6d8-ff40-46cf-b7d9-11011f289952,5bdee3a1-05a9-4e88-9d3e-a74851b2215b,eae4ce4a-9426-49a3-86f7-6998848679bd,depends_on,0.86,payment-stag-0217 depends on redis-stag-0186,9092,TCP,true,2025-03-22 17:08:37,2025-04-04 17:08:37
aea8e46e-398c-4372-8002-5a99bc417637,a1623054-56e3-4975-aa73-5116ef57a49d,daea5281-7245-4dbf-96fd-549047824b30,uses,0.71,blob-prod-0203 uses reporting-prod-0136,,gRPC,false,2025-10-14 10:58:50,2025-10-27 10:58:50
85354563-36f3-4091-aa64-5a6b696ebcf5,9a0c4139-b430-4d25-bc28-f29889ea9666,c4babe32-8982-4b1f-914c-f802f712eae9,depends_on,0.98,notification-deve-0100 depends on memcached-deve-0189,443,HTTP,false,2025-09-22 16:31:06,2025-09-23 16:31:06
2cdcee70-567f-4544-83aa-72eb4b96b11f,8e8c4b95-2ca1-49e4-b129-c676fee1a2de,4eed41d6-2d62-47e7-8769-1e2c5bc92adc,backed_by,0.58,elasticsearch-prod-0250 backed by nfs-prod-0089,27017,HTTPS,false,2025-02-21 06:50:29,2025-03-02 06:50:29
a4e82584-93ba-427a-85dc-be6d9e2195b1,f742d55b-b242-49de-b00b-0ae2f8feae58,fb8f7a9d-4477-414d-8757-8785cc388e5d,depends_on,0.71,notification-test-0036 depends on elasticsearch-deve-0075,6379,HTTPS,true,2025-04-14 09:16:31,2025-05-10 09:16:31
34c4554d-bcbf-406d-b173-6c8d8f2cc787,55d8be61-f771-4a79-b854-61daaf9dc77a,ce08359f-471d-4a16-b8c2-4108bbf0c2d9,depends_on,0.74,reporting-stag-0216 depends on varnish-stag-0059,6379,,false,2025-02-23 03:00:40,2025-03-05 03:00:40
217ce6d8-bf8d-4e96-9840-e8c791ee3aab,b1490d08-7145-47ab-b2cf-fd1861aa61f7,329d0c6a-c92e-4766-acb0-1938d43500cf,hosts,0.9,batch-stag-0231 hosts rabbitmq-prod-0230,9092,gRPC,true,2025-07-16 15:03:34,2025-07-28 15:03:34
52437662-2bd8-4d96-82a6-7c0b41019f1c,57e2519c-d696-43a5-ad0f-19b8e733b01b,341e3d74-6345-4aa2-9ed5-4014c04af43a,depends_on,0.93,analytics-test-0241 depends on varnish-prod-0082,80,,false,2025-12-27 15:01:51,2026-01-20 15:01:51
043f21b4-1845-463c-bce3-26633bf9cb6f,fb91483d-7e2d-456d-8439-8035e83a2e25,435d2b5f-571b-4398-b9e9-1ffa9c5f98e2,hosts,0.77,worker-prod-0259 hosts reporting-stag-0072,80,,false,2025-05-10 10:20:02,2025-06-03 10:20:02
b5364747-c349-4e90-a602-1b8491896f21,fb91483d-7e2d-456d-8439-8035e83a2e25,562e6177-63d7-4939-a7d4-8429f3e87fcd,hosts,0.89,worker-prod-0259 hosts inventory-prod-0124,5432,,false,2025-02-09 21:49:07,2025-03-06 21:49:07
212f4e7b-1062-4a13-8cc7-bd0c0e927ed1,8c4d8322-e2e1-4373-b5bb-761b9c5313e1,0be27d02-8aa2-4b68-9d93-ebdc531b61be,backed_by,0.63,elasticsearch-stag-0005 backed by nfs-prod-0181,443,TCP,false,2025-07-13 01:42:58,2025-07-22 01:42:58
fb4ae02a-93f8-4e07-b163-272e59a55255,5396b87f-69d5-49d0-8991-08349380bd98,91d96b61-2aaa-4db9-a0a9-6442be0f71e7,depends_on,0.98,reporting-dr-0151 depends on postgres-prod-0045,3306,TCP,false,2025-04-19 22:58:40,2025-04-29 22:58:40
48d073cd-aede-4bf4-9997-7fbf1f2405c6,05b9211d-5d09-40a8-9470-a7f98512e39b,98d5cdef-7f77-4c57-aeeb-5abcc57e3a54,backed_by,0.62,redis-stag-0094 backed by nfs-prod-0069,9092,TCP,true,2025-12-03 09:08:40,2025-12-13 09:08:40
567ee76e-3d7c-4f51-ab15-6d9e75f43817,96d5f99f-d863-428d-9ac9-18bd6eca6450,42f1a97a-01e6-47b4-9089-582e3a478b74,connects_to,0.98,haproxy-test-0284 connects to worker-test-0020,443,HTTP,false,2025-06-18 07:58:51,2025-07-08 07:58:51
869dea4e-2b2e-4299-b054-73ecf7343264,b0c9bb08-2970-4fd8-bf05-3afe018b769d,98fa29c3-028f-4408-ade0-45c7a40dfdad,uses,0.77,inventory-prod-0283 uses rabbitmq-test-0046,3306,HTTP,false,2025-04-14 01:23:57,2025-04-27 01:23:57
4864d2bf-cade-47f3-9af5-b24bb456b885,2ce49ea2-8ac7-486e-8e33-2382e6ddf64c,ad4fae2e-e2a8-44f5-abc3-21152c8b1acd,hosts,0.5,proxy-prod-0219 hosts inventory-deve-0174,,HTTPS,false,2025-12-31 17:54:07,2026-01-26 17:54:07
2a4a693b-0744-4fd5-bb33-d126372e9ee7,b291054c-6b87-408c-a78e-63e673fdd043,a1623054-56e3-4975-aa73-5116ef57a49d,backed_by,0.54,redis-deve-0239 backed by blob-prod-0203,443,HTTP,false,2025-03-07 22:45:13,2025-03-15 22:45:13
3a8405e7-dafc-4076-bd99-341e0030b9dd,b0c9bb08-2970-4fd8-bf05-3afe018b769d,8ea488ce-98b4-484e-a583-2f435a9e805a,depends_on,0.63,inventory-prod-0283 depends on varnish-prod-0144,,HTTPS,true,2025-07-26 10:56:00,2025-08-05 10:56:00
b895c02f-e10e-45dd-a5a0-0f7d1e9cbe4f,9a0c4139-b430-4d25-bc28-f29889ea9666,8e0edaaf-bf84-4516-aaaa-db1fe23341e2,uses,0.74,notification-deve-0100 uses sqs-stag-0198,80,HTTP,false,2025-02-02 09:58:22,2025-03-02 09:58:22
0b654b8b-6595-46d4-852d-955f47a806c4,d8f86bc5-085f-411c-81c1-de350666a1cd,b851b00b-7cc0-42d9-a5bf-af72afbe7551,uses,0.84,payment-prod-0061 uses activemq-prod-0169,27017,gRPC,false,2025-02-16 04:00:58,2025-02-27 04:00:58
80a72147-ff44-4a20-80de-14b989f19455,fe658f06-e702-42be-99cb-ac6afde76e99,2a8cb3d9-3bc6-4761-93c3-06c64e79f707,connects_to,0.61,nlb-prod-0099 connects to app-test-0116,80,HTTPS,false,2025-09-15 12:08:55,2025-10-07 12:08:55
e944c018-9b0f-42d3-932d-f1b8ad286329,56af5661-8b95-4621-ac58-75277ee7246d,a30c1b34-ca69-4935-a196-ae3b525253b3,depends_on,0.99,payment-test-0185 depends on varnish-prod-0282,27017,TCP,true,2025-05-24 20:20:12,2025-06-21 20:20:12
dde65978-8ef9-4300-8faf-74466f82d795,085d7169-2d0c-42e5-95e9-43f0a46cf16f,a4ed7edb-cee2-4c26-9e55-02f31aac1ad3,hosts,0.75,api-test-0201 hosts inventory-deve-0091,3306,,true,2025-06-23 08:31:41,2025-07-16 08:31:41
cde0fe06-f907-45b7-8fbb-365d86b361e2,9a0c4139-b430-4d25-bc28-f29889ea9666,961abb14-ec2f-4cd1-ace0-151d7f12dfc6,uses,0.63,notification-deve-0100 uses sqs-test-0265,5432,,false,2025-03-05 16:26:50,2025-03-13 16:26:50
b5049979-8d14-472e-8675-77f932a7e8fe,f742d55b-b242-49de-b00b-0ae2f8feae58,b291054c-6b87-408c-a78e-63e673fdd043,depends_on,0.84,notification-test-0036 depends on redis-deve-0239,,TCP,false,2025-12-11 21:00:58,2025-12-31 21:00:58
68ffa2be-a1f0-4dbb-b073-6640236a5d87,6248a644-c43d-43eb-8614-d8a47f11dd1b,adf01df8-f06f-449c-985e-9e4d5c4ae820,backed_by,0.76,mysql-test-0234 backed by ceph-prod-0140,80,HTTP,true,2025-10-12 00:58:06,2025-11-10 00:58:06
2f505b65-c774-4dd1-aa67-154e8f436657,2a8cb3d9-3bc6-4761-93c3-06c64e79f707,0ac19ee3-e222-4517-abd9-a1813ccb8d98,hosts,0.9,app-test-0116 hosts notification-test-0209,5432,gRPC,false,2025-03-14 08:37:37,2025-04-12 08:37:37
c94f5a5b-db0d-4a95-b0b2-1af56b4fc692,81199b18-9e70-4cb1-9c73-46f498479de1,5b789c9e-db0c-405f-b686-5fe0e7771dc9,depends_on,0.81,payment-deve-0119 depends on redis-stag-0146,443,TCP,false,2025-07-09 14:05:45,2025-08-03 14:05:45
ada603f3-97ce-4773-b58a-0eb6b2193358,0ac19ee3-e222-4517-abd9-a1813ccb8d98,de0c9da1-95bc-48c7-9f72-7c86590ac0eb,depends_on,0.74,notification-test-0209 depends on redis-test-0123,27017,TCP,false,2025-06-06 15:44:02,2025-06-22 15:44:02
b63f60b9-fce6-4173-aa66-692491709639,5e1f3821-5a10-40ba-9046-b910d843cd5c,f303daa9-7e8b-4613-ba94-4914a48a7d31,depends_on,0.95,f5-prod-0044 depends on s3-prod-0032,443,HTTP,true,2025-08-12 23:12:50,2025-09-06 23:12:50
2d62ffc8-a6d4-4f7c-b14f-4ae95df193a3,72000b55-8c89-4ff1-b24d-4f45ba332387,b851b00b-7cc0-42d9-a5bf-af72afbe7551,uses,0.92,analytics-prod-0053 uses activemq-prod-0169,9092,TCP,false,2025-02-26 22:32:43,2025-03-11 22:32:43
2be791f8-dd4f-4e5f-baf7-c8d187d9c4f4,416bf5d6-d82d-4108-9771-57ea441b2bfc,eae4ce4a-9426-49a3-86f7-6998848679bd,depends_on,0.9,payment-test-0025 depends on redis-stag-0186,443,HTTPS,false,2025-08-16 04:42:32,2025-09-06 04:42:32
3fe2ded5-8e5b-4b95-b071-47602113829f,22396410-1036-47d7-8867-30d3ce4dc70e,aef14eab-b503-4490-a376-6d32d158c896,uses,0.8,inventory-deve-0084 uses rabbitmq-prod-0001,5432,,true,2025-12-01 14:16:01,2025-12-17 14:16:01
5342a357-6553-4f06-a6b6-b5435fb65f7a,92dcacfe-61e1-4ab5-9b98-a3fd80a32be5,5c57a0dc-cc93-490f-91fc-639c68aba9f1,depends_on,0.59,analytics-prod-0229 depends on mysql-prod-0191,3306,TCP,true,2025-12-15 03:59:45,2025-12-24 03:59:45
6c9e4c82-fec3-49f1-82da-4799aa6870c2,5c57a0dc-cc93-490f-91fc-639c68aba9f1,2f284e96-d619-41df-bda1-ac64efa78b75,backed_by,0.65,mysql-prod-0191 backed by efs-stag-0090,80,,false,2025-12-06 00:17:32,2025-12-27 00:17:32
37c20a2d-33c9-47cc-90b0-93343d288866,4e4a0b9f-3a53-4c2c-823c-d92a1e871904,7beb4a07-02dc-42d7-9e5f-91b42094973d,depends_on,0.71,auth-prod-0149 depends on redis-deve-0210,5432,HTTP,false,2025-11-13 13:47:45,2025-11-19 13:47:45
0ba42ca4-c6ac-49ed-affe-744eda99ddb1,c20a31d9-6b75-4fa0-8f8a-7b433bbc9e25,1a5928c6-9ff0-4027-8968-6091a4fe308c,connects_to,0.71,nginx-deve-0297 connects to switch-prod-0290,3306,TCP,false,2025-12-12 22:43:01,2026-01-06 22:43:01
e9d19f63-b226-4702-b99e-7a4482f6019a,479b64fd-5571-40a6-b373-552b6df07511,8acb3662-2d76-44c8-89b0-54404124f32b,backed_by,0.7,dns-stag-0247 backed by web-prod-0170,80,HTTPS,true,2025-08-11 19:16:59,2025-08-22 19:16:59
c312bccc-92b8-4f72-b623-36a52e9f06bc,a4ed7edb-cee2-4c26-9e55-02f31aac1ad3,fb8f7a9d-4477-414d-8757-8785cc388e5d,depends_on,0.6,inventory-deve-0091 depends on elasticsearch-deve-0075,27017,TCP,false,2025-06-29 03:50:33,2025-07-05 03:50:33
131b453b-c6e0-4914-868a-bf83102d2dcb,562e6177-63d7-4939-a7d4-8429f3e87fcd,9b9e4b36-1f4c-4067-8085-dce4167dbafe,depends_on,0.67,inventory-prod-0124 depends on mysql-test-0111,5432,HTTP,true,2025-06-14 18:09:11,2025-06-19 18:09:11
da612ece-2169-4f5e-a79d-4db67d432ab0,80944ccf-f3dc-423d-a15f-97dcf0fe291a,43678587-66aa-41ec-ab2a-b9478c447b9e,hosts,0.67,proxy-prod-0081 hosts analytics-stag-0218,5432,HTTPS,false,2026-01-01 15:50:52,2026-01-12 15:50:52
2dd78567-f6a4-4810-a60c-d47bb0675b19,ad1610bb-19b7-41bf-8d7c-4c4246ba5aea,d8f86bc5-085f-411c-81c1-de350666a1cd,hosts,0.6,api-deve-0034 hosts payment-prod-0061,9092,HTTPS,false,2025-04-07 18:42:44,2025-04-20 18:42:44
513e2cc2-ebe9-4329-a0cf-6450fbd08266,814d8b81-f810-494f-b717-b717956d1126,8edcdf0f-86fa-4f27-afb0-ac117ea2faf0,depends_on,0.93,auth-test-0042 depends on varnish-stag-0262,6379,HTTP,false,2025-11-27 18:41:33,2025-11-28 18:41:33
092fad69-b540-42b0-b321-6fc04bcf32c2,9a0c4139-b430-4d25-bc28-f29889ea9666,f3577d37-07cd-4e34-9832-4b2efcb32a92,depends_on,0.6,notification-deve-0100 depends on memcached-test-0207,443,gRPC,false,2025-11-27 05:36:40,2025-12-16 05:36:40
83ef0e50-96d0-4fbe-ad65-2f15ba068d98,b0c9bb08-2970-4fd8-bf05-3afe018b769d,297c4236-81ab-4f6a-a7c6-97c1bd29af43,depends_on,0.69,inventory-prod-0283 depends on elasticsearch-stag-0164,,HTTP,false,2025-12-28 06:20:44,2026-01-08 06:20:44
dc846f2f-84c6-4634-ab19-ff1c782b5798,7cb7d7d9-1844-4003-b179-f7da16e1749d,3e132c19-d427-4725-b3ce-960f8f7356d5,hosts,0.93,appservice-deve-0019 hosts dns-stag-0107,9092,HTTP,false,2025-05-15 04:16:03,2025-06-12 04:16:03
f1d0e859-92b7-4c10-ae53-f2ff60c8d9d6,5bdee3a1-05a9-4e88-9d3e-a74851b2215b,341e3d74-6345-4aa2-9ed5-4014c04af43a,depends_on,0.57,payment-stag-0217 depends on varnish-prod-0082,443,HTTPS,false,2025-11-08 14:53:37,2025-11-19 14:53:37
397b9a86-8f7b-4214-92b1-14808a4f22cb,814d8b81-f810-494f-b717-b717956d1126,eae4ce4a-9426-49a3-86f7-6998848679bd,depends_on,0.67,auth-test-0042 depends on redis-stag-0186,,gRPC,false,2025-10-21 10:25:20,2025-11-01 10:25:20
6549c133-819f-49f5-91c6-555e1ea17fcf,daea5281-7245-4dbf-96fd-549047824b30,954d3478-f911-4375-ab46-1ce16e93db18,uses,0.68,reporting-prod-0136 uses kafka-stag-0066,443,HTTPS,false,2025-12-27 14:34:14,2026-01-12 14:34:14
b41b826b-e19a-4d4f-8d33-6cf2e4d41b2e,a762ae60-ba9f-4dc0-b2c3-a5fe6de5dff8,749caa4a-d1f6-4712-8fc7-5b422a2a4e35,depends_on,0.54,auth-prod-0157 depends on memcached-prod-0080,80,,true,2025-03-22 16:07:31,2025-03-28 16:07:31
d94e966c-59fb-483b-a752-e903b61ee928,a762ae60-ba9f-4dc0-b2c3-a5fe6de5dff8,79e8a3e6-f463-449c-9464-6f24165d3163,depends_on,1.0,auth-prod-0157 depends on varnish-dr-0079,6379,TCP,false,2025-12-06 16:49:38,2025-12-15 16:49:38
82f6da35-3c93-42ec-baf6-cb7363d2ee1d,262c0330-d03f-42d7-b663-bc28b974c10e,c55f29f5-6dc2-48d6-a219-5729b0cc9217,runs_on,0.86,ceph-prod-0263 runs on memcached-prod-0077,5432,gRPC,true,2025-05-27 20:04:11,2025-06-14 20:04:11
076e7df7-5c67-4de8-b045-66d816e3916f,15ec5d06-931e-4eba-a23f-bb1d2c2f334d,5f85e54f-646d-4db7-8410-79858a40a14b,backed_by,0.93,mongodb-prod-0175 backed by ceph-deve-0051,80,HTTPS,true,2025-09-13 04:11:26,2025-10-10 04:11:26
9457242b-6b0d-426a-a6de-3bb9c0181424,416bf5d6-d82d-4108-9771-57ea441b2bfc,9643e962-263d-4fe4-a3fe-dd7908849019,depends_on,0.61,payment-test-0025 depends on elasticsearch-deve-0204,9092,gRPC,false,2025-08-01 00:10:49,2025-08-23 00:10:49
648a5167-6783-456d-b9cc-e25d0eebbde3,0ac19ee3-e222-4517-abd9-a1813ccb8d98,8e8c4b95-2ca1-49e4-b129-c676fee1a2de,depends_on,0.96,notification-test-0209 depends on elasticsearch-prod-0250,9092,gRPC,true,2025-12-20 09:45:44,2026-01-01 09:45:44
81faf68a-033f-4669-86c5-ce7c48afa22a,43678587-66aa-41ec-ab2a-b9478c447b9e,05b9211d-5d09-40a8-9470-a7f98512e39b,depends_on,0.66,analytics-stag-0218 depends on redis-stag-0094,,HTTPS,true,2025-10-01 15:45:47,2025-10-04 15:45:47
c049af95-8c73-430d-b6db-24461000d81f,a572d46c-c254-467f-8606-c5f07a9dc0cf,1ffba6a4-7ed2-4be2-821d-3bd36bae0761,depends_on,0.53,auth-prod-0269 depends on varnish-stag-0056,9092,HTTPS,true,2025-05-06 19:03:11,2025-05-15 19:03:11
ca75608e-2baa-47bf-9322-330e2cd79d3e,72000b55-8c89-4ff1-b24d-4f45ba332387,6163938c-bc64-4e42-ba65-41e07480bde6,depends_on,0.59,analytics-prod-0053 depends on redis-prod-0154,9092,gRPC,true,2025-10-23 12:12:35,2025-10-26 12:12:35
4e7cce11-1365-4bbf-9b8f-6f5a967ba574,ae268222-887b-4a35-addd-188080d29c67,341e3d74-6345-4aa2-9ed5-4014c04af43a,uses,0.79,mongodb-stag-0244 uses varnish-prod-0082,,HTTPS,true,2025-11-21 23:06:21,2025-11-25 23:06:21
ea1847fe-2a40-4020-8088-d211c4de14f2,98dc31e3-b0e8-40c7-b8d3-6c5a36fecd13,50cfc81d-673a-4356-8bbb-42cab3870ae3,depends_on,0.82,ecs-instance-test-0237 depends on appservice-deve-0295,,HTTPS,false,2025-03-18 22:17:25,2025-04-09 22:17:25
ed0d447c-2707-45a6-805b-e4274efbb74b,cddd8cab-fc62-4dba-97c6-d8188fa95cd4,2ce49ea2-8ac7-486e-8e33-2382e6ddf64c,runs_on,0.59,docker-host-prod-0251 runs on proxy-prod-0219,443,gRPC,false,2025-08-16 11:48:14,2025-08-17 11:48:14
663dbab1-8387-47ed-87b8-066a2fa8d5c5,81199b18-9e70-4cb1-9c73-46f498479de1,79af56a6-fbc7-4166-bdee-e0b103f1bd95,depends_on,0.65,payment-deve-0119 depends on elasticsearch-deve-0125,443,HTTP,false,2025-12-19 07:23:10,2026-01-01 07:23:10
50da4e2d-338e-4d6a-92d2-e828313fd469,22396410-1036-47d7-8867-30d3ce4dc70e,a762eb0b-9e18-4ff8-b23d-82a8d0777a7c,uses,0.73,inventory-deve-0084 uses sqs-stag-0158,6379,HTTP,false,2025-07-17 02:44:20,2025-07-31 02:44:20
37d722b2-be00-4e3a-b46d-d677aeda2d55,7bfdbd5f-5dee-4887-8f9e-61ceea535b83,297c4236-81ab-4f6a-a7c6-97c1bd29af43,depends_on,0.93,inventory-stag-0246 depends on elasticsearch-stag-0164,9092,TCP,true,2025-07-26 02:20:50,2025-07-29 02:20:50
23e30fb5-dc83-438b-af99-de9e52b90fea,7bfdbd5f-5dee-4887-8f9e-61ceea535b83,c4babe32-8982-4b1f-914c-f802f712eae9,depends_on,0.54,inventory-stag-0246 depends on memcached-deve-0189,5432,gRPC,true,2025-09-24 14:17:31,2025-10-20 14:17:31
714c604c-bcc1-482e-a338-b417cb4922e8,81199b18-9e70-4cb1-9c73-46f498479de1,49f00ff8-348d-4e43-93ea-b87723fb65f4,depends_on,0.55,payment-deve-0119 depends on redis-prod-0078,6379,TCP,false,2025-02-10 09:54:27,2025-02-22 09:54:27
d902d83f-447e-49f1-bf25-3d0050806c55,416bf5d6-d82d-4108-9771-57ea441b2bfc,79af56a6-fbc7-4166-bdee-e0b103f1bd95,depends_on,0.68,payment-test-0025 depends on elasticsearch-deve-0125,5432,TCP,false,2025-04-20 03:51:05,2025-05-07 03:51:05
14dd2df8-29e5-4b86-bf95-06e5ea9e539d,72000b55-8c89-4ff1-b24d-4f45ba332387,71aa0d31-05a0-4381-8aaa-0d91b0b10b54,depends_on,0.83,analytics-prod-0053 depends on mysql-deve-0280,443,gRPC,false,2025-10-26 11:08:46,2025-11-09 11:08:46
9ebca5ff-3904-40a5-b56c-187931513124,416bf5d6-d82d-4108-9771-57ea441b2bfc,10a9a8fb-ebd3-41b3-a2df-a14fa18ed7d8,depends_on,0.96,payment-test-0025 depends on elasticsearch-deve-0018,27017,HTTP,true,2025-08-12 19:09:10,2025-08-12 19:09:10
1a11e68f-e26c-4679-89ef-b7dc27b696b1,d8f86bc5-085f-411c-81c1-de350666a1cd,e5f011e9-cd96-429b-bd48-8aef8f4c58ad,uses,0.86,payment-prod-0061 uses rabbitmq-deve-0049,80,gRPC,false,2025-03-21 17:55:12,2025-04-16 17:55:12
a13f4ef5-f9d2-44a4-8323-6ee6086570f2,2a8cb3d9-3bc6-4761-93c3-06c64e79f707,e8a6fbf5-f04a-43fd-a22b-80345cc2762f,hosts,0.62,app-test-0116 hosts payment-stag-0222,443,HTTPS,false,2025-09-07 16:12:22,2025-09-07 16:12:22
920439b6-5d03-4a44-b3d3-67619248d7f3,8609a412-dc0b-4d24-9055-02dae7227d02,8acb3662-2d76-44c8-89b0-54404124f32b,connects_to,0.68,nlb-prod-0254 connects to web-prod-0170,443,HTTP,false,2025-12-30 10:31:25,2026-01-23 10:31:25
5241c37b-ac00-4546-aea2-f8fa615834ed,fb91483d-7e2d-456d-8439-8035e83a2e25,81199b18-9e70-4cb1-9c73-46f498479de1,hosts,0.8,worker-prod-0259 hosts payment-deve-0119,9092,HTTP,false,2025-06-08 15:15:26,2025-06-28 15:15:26
b9de3aba-6627-442b-bfa4-425a5594f82e,11d1aef4-dca3-48d1-aabc-784012d768bd,25f82df2-f9fe-4249-8aa4-e2b57bea8eed,connects_to,0.76,alb-dr-0004 connects to web-prod-0274,5432,,false,2025-09-18 01:43:46,2025-09-18 01:43:46
f2b1362c-859d-4451-80a7-6d531c30d855,a4ed7edb-cee2-4c26-9e55-02f31aac1ad3,92691dcf-7185-4abf-91db-1ea46dd88e54,depends_on,0.88,inventory-deve-0091 depends on mysql-prod-0134,443,TCP,true,2025-06-02 03:24:32,2025-06-17 03:24:32
b69bed57-bf23-4ccc-bb0d-9cc3a15bec3f,f3d0f0ce-6c97-4ce1-aa41-c4ac1a25b6c7,297c4236-81ab-4f6a-a7c6-97c1bd29af43,depends_on,0.52,reporting-dr-0110 depends on elasticsearch-stag-0164,,HTTPS,true,2025-05-16 11:11:01,2025-05-26 11:11:01
b9714765-683a-474a-a1b5-5cfc1066fa9f,5b789c9e-db0c-405f-b686-5fe0e7771dc9,b905cdb4-7dc5-444d-9a69-047d0ee27d6b,backed_by,0.77,redis-stag-0146 backed by s3-deve-0096,5432,HTTP,false,2025-06-04 19:18:04,2025-06-16 19:18:04
28d2d23f-6c43-4553-9941-6ddcdda37763,416bf5d6-d82d-4108-9771-57ea441b2bfc,ce08359f-471d-4a16-b8c2-4108bbf0c2d9,depends_on,0.98,payment-test-0025 depends on varnish-stag-0059,80,HTTP,false,2025-10-09 14:21:21,2025-10-13 14:21:21
ee895b62-201c-474d-a2b6-26c8934237d4,86c844a0-5057-4c71-b389-f1886d1d60b0,fcb3133e-7dc2-4337-8ab0-479a3df85769,depends_on,0.71,inventory-prod-0135 depends on redis-test-0115,,HTTPS,true,2025-10-17 14:39:13,2025-10-23 14:39:13
72389228-8444-4324-87b9-36d401ae02a0,562e6177-63d7-4939-a7d4-8429f3e87fcd,cfd41bac-b919-4e60-8b96-f33b99ec0749,depends_on,0.64,inventory-prod-0124 depends on redis-deve-0273,,HTTP,true,2025-06-07 22:50:36,2025-07-02 22:50:36
d76c293e-43f6-4468-996f-823a29e6874f,e8a6fbf5-f04a-43fd-a22b-80345cc2762f,749caa4a-d1f6-4712-8fc7-5b422a2a4e35,runs_on,0.71,payment-stag-0222 runs on memcached-prod-0080,443,HTTPS,false,2025-02-11 01:41:41,2025-02-15 01:41:41
ac37c716-c86b-4a85-8196-42cbc1efe2c9,43678587-66aa-41ec-ab2a-b9478c447b9e,ce476033-fa79-4f06-82f1-b36a5d79c16f,depends_on,0.64,analytics-stag-0218 depends on varnish-prod-0171,,TCP,false,2025-07-07 04:19:22,2025-07-29 04:19:22
dd8a822f-7f5e-409a-9b7c-a9319cebaf3a,a77a6d57-c76c-4270-8aa5-ff9fe930e999,1ffba6a4-7ed2-4be2-821d-3bd36bae0761,depends_on,0.87,reporting-prod-0127 depends on varnish-stag-0056,27017,gRPC,false,2025-02-07 06:02:15,2025-02-20 06:02:15
10f77fcf-0654-4b36-84e5-129ca306b291,42f1a97a-01e6-47b4-9089-582e3a478b74,4af68ae3-dc8d-4c1e-92a6-8e0444f351b0,runs_on,0.6,worker-test-0020 runs on mongodb-dr-0064,9092,HTTPS,false,2025-11-16 17:43:09,2025-12-10 17:43:09
5b526cb6-740d-484d-99f4-7e7e19f88651,a77a6d57-c76c-4270-8aa5-ff9fe930e999,79af56a6-fbc7-4166-bdee-e0b103f1bd95,runs_on,0.82,reporting-prod-0127 runs on elasticsearch-deve-0125,80,HTTP,true,2025-02-18 00:57:59,2025-03-04 00:57:59
1212a587-c203-49ae-8b8e-66bda3da518c,4e4a0b9f-3a53-4c2c-823c-d92a1e871904,8edcdf0f-86fa-4f27-afb0-ac117ea2faf0,depends_on,0.51,auth-prod-0149 depends on varnish-stag-0262,443,gRPC,false,2025-11-23 17:41:06,2025-12-11 17:41:06
cc91d434-1a94-40b1-baa7-802fb603d214,cbc3c3b4-4680-439d-b3b5-c2edf6a42453,de0c9da1-95bc-48c7-9f72-7c86590ac0eb,depends_on,0.98,auth-prod-0240 depends on redis-test-0123,9092,,false,2025-07-05 06:02:08,2025-07-18 06:02:08
a9d67d41-5338-4b13-9c2b-cd260e7b6ea2,55d8be61-f771-4a79-b854-61daaf9dc77a,d9ae9ac8-6500-4939-bd07-921abefa35f1,uses,0.97,reporting-stag-0216 uses sqs-test-0015,9092,HTTPS,true,2025-06-17 19:26:10,2025-06-22 19:26:10
3e222eab-c065-4d04-9f8a-d565cbbd874c,bd2d94ed-97a0-4e3f-abb1-7cc625a5af40,81199b18-9e70-4cb1-9c73-46f498479de1,hosts,0.59,batch-stag-0202 hosts payment-deve-0119,3306,HTTP,false,2025-05-02 01:26:54,2025-05-18 01:26:54
ec255d9e-4f5b-46ee-a30c-480c278c260e,72000b55-8c89-4ff1-b24d-4f45ba332387,961abb14-ec2f-4cd1-ace0-151d7f12dfc6,uses,0.63,analytics-prod-0053 uses sqs-test-0265,9092,gRPC,false,2025-05-04 18:47:38,2025-05-23 18:47:38
177bb664-3a91-488c-a3f4-cfdf38b8f76a,81199b18-9e70-4cb1-9c73-46f498479de1,91d96b61-2aaa-4db9-a0a9-6442be0f71e7,depends_on,0.69,payment-deve-0119 depends on postgres-prod-0045,6379,TCP,false,2025-06-30 14:55:41,2025-07-18 14:55:41
33b7cf6d-ac17-412c-95a4-7edbbe0c0d1a,a572d46c-c254-467f-8606-c5f07a9dc0cf,e2d9e46d-b154-4b8e-b9cf-825f10f0496f,depends_on,0.63,auth-prod-0269 depends on mongodb-stag-0052,80,,false,2025-02-04 14:01:50,2025-02-05 14:01:50
450bad15-6813-4b01-b738-9d07cc6562bd,7afc5aeb-220e-480b-b2a3-a167c8bc53ea,96efae68-2104-4c97-a2d1-12454065d356,depends_on,0.76,payment-stag-0288 depends on mongodb-deve-0002,6379,gRPC,false,2025-08-12 09:45:42,2025-08-22 09:45:42
6de8bbf4-ead8-474d-bd23-8a9322caaa2d,c513776f-4117-4fa8-ac5a-0e8295f601b5,ae7e6350-96b8-4afe-bbdb-05c4c69472fc,uses,0.94,vpn-prod-0205 uses alb-stag-0194,443,TCP,false,2025-03-02 00:46:13,2025-03-24 00:46:13
79da120e-f18f-4534-97b8-39c1a13d3c81,a4ed7edb-cee2-4c26-9e55-02f31aac1ad3,a762eb0b-9e18-4ff8-b23d-82a8d0777a7c,uses,0.68,inventory-deve-0091 uses sqs-stag-0158,,,false,2025-06-23 20:51:24,2025-06-29 20:51:24
27ba93c3-84a3-470f-b8e0-0c42e5e7619c,01ce1a73-0693-4883-89ee-1e755d1ad318,8c4d8322-e2e1-4373-b5bb-761b9c5313e1,depends_on,0.94,auth-prod-0208 depends on elasticsearch-stag-0005,27017,gRPC,true,2025-12-22 00:55:20,2026-01-06 00:55:20
2d6d83b2-e4c2-4134-9a87-3b8b66ab00e6,bd2d94ed-97a0-4e3f-abb1-7cc625a5af40,3e54714a-006f-484a-853f-962e8575ddd6,hosts,0.65,batch-stag-0202 hosts auth-prod-0264,5432,HTTP,false,2025-03-24 01:49:12,2025-04-21 01:49:12
9bedacdf-7055-4d29-a836-a656b91843cf,435d2b5f-571b-4398-b9e9-1ffa9c5f98e2,84de2734-7345-47b4-bf3a-48f973b7af21,uses,0.58,reporting-stag-0072 uses kafka-prod-0068,,TCP,false,2025-11-08 04:48:12,2025-11-25 04:48:12
f2070cfb-cd35-42ad-ae36-6a8cc02dedb0,86c844a0-5057-4c71-b389-f1886d1d60b0,49f00ff8-348d-4e43-93ea-b87723fb65f4,depends_on,0.72,inventory-prod-0135 depends on redis-prod-0078,80,HTTP,false,2025-03-17 15:38:52,2025-03-27 15:38:52
b9d9c0d7-b6f5-48e1-b0b3-c232925df6fe,8acb3662-2d76-44c8-89b0-54404124f32b,3e54714a-006f-484a-853f-962e8575ddd6,hosts,0.96,web-prod-0170 hosts auth-prod-0264,,TCP,false,2025-04-04 16:45:01,2025-04-14 16:45:01
58f96504-17f0-4c9e-9f5e-1085c39cf16f,5b254b52-2058-49bc-a92f-f0a533ec1785,7afc5aeb-220e-480b-b2a3-a167c8bc53ea,runs_on,0.63,efs-stag-0196 runs on payment-stag-0288,6379,TCP,true,2025-05-30 19:56:49,2025-06-09 19:56:49
7ea282fd-1874-4adc-8002-70b5003001ae,5bdee3a1-05a9-4e88-9d3e-a74851b2215b,d9ae9ac8-6500-4939-bd07-921abefa35f1,uses,0.79,payment-stag-0217 uses sqs-test-0015,80,HTTPS,true,2025-07-11 01:39:00,2025-07-28 01:39:00
9c24ec62-ab1b-4a2c-8fde-f09a76ee8891,43678587-66aa-41ec-ab2a-b9478c447b9e,1267b3ea-59b3-47f4-bae3-5c9dcbfca46e,depends_on,0.9,analytics-stag-0218 depends on postgres-prod-0177,3306,,false,2025-07-14 01:05:52,2025-08-01 01:05:52
26597e1b-c8e0-4a1f-963f-412804936cb0,e8a6fbf5-f04a-43fd-a22b-80345cc2762f,96efae68-2104-4c97-a2d1-12454065d356,depends_on,0.66,payment-stag-0222 depends on mongodb-deve-0002,6379,HTTP,false,2025-11-03 04:34:40,2025-11-17 04:34:40
b27654ab-1193-474b-8904-44d4595c7554,ad4fae2e-e2a8-44f5-abc3-21152c8b1acd,fb8f7a9d-4477-414d-8757-8785cc388e5d,depends_on,0.66,inventory-deve-0174 depends on elasticsearch-deve-0075,443,HTTPS,false,2025-02-18 09:36:44,2025-03-12 09:36:44
d9f5e9cf-517f-4b30-97f9-4df638e79cb8,be8068dd-2ddd-4788-a1ec-e795f8dfea6f,43678587-66aa-41ec-ab2a-b9478c447b9e,hosts,0.58,app-stag-0172 hosts analytics-stag-0218,5432,HTTP,false,2025-03-02 23:56:13,2025-03-03 23:56:13
cb13d87e-39ed-4ca1-877a-94dea967be7f,8609a412-dc0b-4d24-9055-02dae7227d02,55e6ee5c-7cdb-4d54-986a-643aa9c06e7d,connects_to,0.7,nlb-prod-0254 connects to app-stag-0101,9092,gRPC,false,2025-02-12 07:45:27,2025-03-08 07:45:27
29199696-8b52-424b-88d4-208aa9eed016,ad4fae2e-e2a8-44f5-abc3-21152c8b1acd,f965c2fd-a259-46b6-be63-8ae76bfa119f,depends_on,0.7,inventory-deve-0174 depends on varnish-test-0142,3306,HTTPS,false,2025-05-11 07:45:36,2025-05-29 07:45:36
57b84afa-67b5-4aba-a7cb-38c6e78a3f6f,56af5661-8b95-4621-ac58-75277ee7246d,ce476033-fa79-4f06-82f1-b36a5d79c16f,depends_on,0.79,payment-test-0185 depends on varnish-prod-0171,,gRPC,true,2026-01-01 17:46:03,2026-01-05 17:46:03
21456834-4db1-4f57-a713-fdd44185c296,a77a6d57-c76c-4270-8aa5-ff9fe930e999,fa29e6eb-2a30-4468-a7d2-98fb9f86cc1f,depends_on,0.86,reporting-prod-0127 depends on postgres-deve-0281,443,HTTP,false,2025-02-05 00:59:45,2025-02-18 00:59:45
40f70baa-f31a-4b35-9500-9dc3dba53590,72000b55-8c89-4ff1-b24d-4f45ba332387,a1c3ce7f-e492-4001-a1dd-98a51742d908,depends_on,0.59,analytics-prod-0053 depends on memcached-prod-0063,80,TCP,false,2025-08-02 05:03:39,2025-08-22 05:03:39
2125d6bb-5b8b-4ffc-ad7f-7bea610c68db,085d7169-2d0c-42e5-95e9-43f0a46cf16f,4e4a0b9f-3a53-4c2c-823c-d92a1e871904,hosts,0.62,api-test-0201 hosts auth-prod-0149,,HTTPS,false,2025-02-17 16:07:59,2025-03-19 16:07:59
e17febce-26a5-48d4-9ba5-8f69c55cf37a,43678587-66aa-41ec-ab2a-b9478c447b9e,1dd2b811-7f10-4922-ae6c-1a4153ea5bde,depends_on,0.93,analytics-stag-0218 depends on redis-stag-0289,9092,HTTPS,false,2025-03-18 04:41:22,2025-04-01 04:41:22
59ef50c1-e046-4451-bf57-169dd2e2011f,435d2b5f-571b-4398-b9e9-1ffa9c5f98e2,a1c3ce7f-e492-4001-a1dd-98a51742d908,depends_on,0.83,reporting-stag-0072 depends on memcached-prod-0063,5432,TCP,false,2025-10-09 11:09:38,2025-10-27 11:09:38
597a5c8f-b27c-42a7-906d-9af105f3b7fb,25f82df2-f9fe-4249-8aa4-e2b57bea8eed,562e6177-63d7-4939-a7d4-8429f3e87fcd,hosts,1.0,web-prod-0274 hosts inventory-prod-0124,9092,HTTPS,false,2025-08-16 05:26:11,2025-08-19 05:26:11
25e5a165-ef52-45a4-9de6-c6a19b81072f,90c0ec6b-2892-431c-abe5-bd5d8469c67c,302f9205-eb2b-4f84-b7aa-cd3a408ba887,runs_on,0.92,ceph-prod-0275 runs on ecs-instance-prod-0272,443,HTTP,false,2025-03-05 06:42:01,2025-04-02 06:42:01
add673e4-eb21-4f1e-bd5c-5fa9948c3c3a,562e6177-63d7-4939-a7d4-8429f3e87fcd,96efae68-2104-4c97-a2d1-12454065d356,depends_on,0.9,inventory-prod-0124 depends on mongodb-deve-0002,443,TCP,true,2025-11-12 04:05:27,2025-11-18 04:05:27
ae2a4901-8643-4511-8725-ac4b7ddd455f,5396b87f-69d5-49d0-8991-08349380bd98,d24e2454-6eac-4aa7-81a4-506247e0ec20,depends_on,0.75,reporting-dr-0151 depends on redis-prod-0058,27017,,true,2025-03-15 16:20:54,2025-04-14 16:20:54
23857245-e5a1-4580-a333-df09249cf0ba,814d8b81-f810-494f-b717-b717956d1126,f3577d37-07cd-4e34-9832-4b2efcb32a92,depends_on,0.77,auth-test-0042 depends on memcached-test-0207,3306,,false,2025-07-01 11:48:25,2025-07-11 11:48:25
876c4216-cb06-45bc-ad8b-c749fd047b51,6661fb75-7dbb-4f47-b01e-c9b7a0eaf174,ad1610bb-19b7-41bf-8d7c-4c4246ba5aea,connects_to,0.59,nlb-prod-0028 connects to api-deve-0034,6379,HTTP,false,2025-06-01 13:08:42,2025-06-20 13:08:42
72004bc6-b5f5-4bec-adcd-c7a1d3b0f108,bd2d94ed-97a0-4e3f-abb1-7cc625a5af40,d8f86bc5-085f-411c-81c1-de350666a1cd,hosts,0.63,batch-stag-0202 hosts payment-prod-0061,3306,gRPC,false,2025-11-08 21:05:27,2025-12-08 21:05:27
3b8cd68e-3e46-4058-8dd9-5cee7b474c87,cbc3c3b4-4680-439d-b3b5-c2edf6a42453,fb8f7a9d-4477-414d-8757-8785cc388e5d,depends_on,0.54,auth-prod-0240 depends on elasticsearch-deve-0075,6379,HTTP,false,2025-11-01 19:13:35,2025-11-19 19:13:35
84764dff-b941-4953-a187-650f007c5af8,828fad52-9d43-4446-91c0-f8690e9fa608,bd2d94ed-97a0-4e3f-abb1-7cc625a5af40,connects_to,0.98,nlb-stag-0235 connects to batch-stag-0202,5432,TCP,true,2025-08-13 12:45:04,2025-08-30 12:45:04
09e415c2-411c-4ba5-a24b-cc5dcad59ca3,92dcacfe-61e1-4ab5-9b98-a3fd80a32be5,ee6793ad-1eaf-481c-a0f6-a97eeb85dcba,depends_on,0.54,analytics-prod-0229 depends on redis-test-0031,27017,HTTPS,true,2025-07-19 11:06:57,2025-08-13 11:06:57
80a49f4f-5686-4dcd-a2a6-aacd0c24dc87,416bf5d6-d82d-4108-9771-57ea441b2bfc,e2d9e46d-b154-4b8e-b9cf-825f10f0496f,depends_on,0.69,payment-test-0025 depends on mongodb-stag-0052,443,TCP,true,2025-08-12 19:53:55,2025-09-04 19:53:55
240e9c80-4601-4191-a46a-2bc9a7de0efe,55d8be61-f771-4a79-b854-61daaf9dc77a,49856120-bb64-4cc8-bce3-e9bc1aa4f71c,uses,0.78,reporting-stag-0216 uses sqs-prod-0245,443,TCP,true,2025-11-19 22:04:29,2025-12-19 22:04:29
04d79608-0d7e-445f-81b9-760918cc06f9,b0c9bb08-2970-4fd8-bf05-3afe018b769d,a30c1b34-ca69-4935-a196-ae3b525253b3,depends_on,0.56,inventory-prod-0283 depends on varnish-prod-0282,9092,,false,2025-04-21 11:44:56,2025-04-22 11:44:56
ea0b75d6-4e66-4372-abae-491c622d7bea,4b083293-f042-4d73-9ff4-8b93c27cc574,a77b59bc-6f0e-4228-b498-868376945ea5,runs_on,0.64,docker-host-stag-0225 runs on mongodb-deve-0182,9092,,false,2025-10-15 22:15:02,2025-11-12 22:15:02
ec2dc4a3-3bee-48ea-b308-a02a918fae06,435d2b5f-571b-4398-b9e9-1ffa9c5f98e2,f965c2fd-a259-46b6-be63-8ae76bfa119f,depends_on,0.92,reporting-stag-0072 depends on varnish-test-0142,443,TCP,false,2025-08-27 23:11:39,2025-09-26 23:11:39
0134e7e7-5aa6-4d2f-8cd1-02240462003a,72000b55-8c89-4ff1-b24d-4f45ba332387,91d96b61-2aaa-4db9-a0a9-6442be0f71e7,depends_on,0.96,analytics-prod-0053 depends on postgres-prod-0045,80,gRPC,false,2025-06-27 07:59:02,2025-07-26 07:59:02
37456e3e-4612-492c-9723-67d0a7a5335c,c123741a-8a28-48d1-b80c-d67773467c43,11d1aef4-dca3-48d1-aabc-784012d768bd,backed_by,0.87,activemq-test-0098 backed by alb-dr-0004,5432,,false,2025-09-06 07:15:43,2025-09-07 07:15:43
a9d6679f-21c0-46e3-aaa3-c3eac821c5c6,4af68ae3-dc8d-4c1e-92a6-8e0444f351b0,a3c3fbec-1c94-4e37-af94-c35482bf8f21,backed_by,0.71,mongodb-dr-0064 backed by s3-dr-0163,9092,HTTP,false,2025-07-30 13:39:40,2025-08-02 13:39:40
38f7d5d2-e680-4784-9c2e-f0e67cd3dbb3,daea5281-7245-4dbf-96fd-549047824b30,f3d0f0ce-6c97-4ce1-aa41-c4ac1a25b6c7,depends_on,0.7,reporting-prod-0136 depends on reporting-dr-0110,6379,,false,2025-12-21 08:31:07,2025-12-22 08:31:07
ac1b6c52-037f-4aa7-9f23-2b49cca193e5,416bf5d6-d82d-4108-9771-57ea441b2bfc,13b410a8-52e2-44f7-a9d0-e5d8c16d0768,uses,0.65,payment-test-0025 uses sqs-deve-0195,443,TCP,false,2025-09-23 23:46:11,2025-10-16 23:46:11
abb55d0d-e9d2-4001-a2aa-95f8d5bdcc38,55d8be61-f771-4a79-b854-61daaf9dc77a,96efae68-2104-4c97-a2d1-12454065d356,depends_on,0.75,reporting-stag-0216 depends on mongodb-deve-0002,443,,false,2025-03-24 03:29:34,2025-03-28 03:29:34
56f0491f-ffd0-41f5-ba43-08a3a1bdc72a,8acb3662-2d76-44c8-89b0-54404124f32b,daea5281-7245-4dbf-96fd-549047824b30,hosts,0.69,web-prod-0170 hosts reporting-prod-0136,27017,gRPC,false,2025-09-29 02:12:08,2025-10-16 02:12:08
eb06ee14-d5ad-4bd1-bd18-20679de538bd,57e2519c-d696-43a5-ad0f-19b8e733b01b,488e0cb7-350f-4e36-95cd-e35d9a278276,depends_on,0.57,analytics-test-0241 depends on redis-test-0270,9092,TCP,false,2025-09-12 17:41:59,2025-10-09 17:41:59
f08e128f-98e8-4b99-8e4a-e5130b0a8974,ad4fae2e-e2a8-44f5-abc3-21152c8b1acd,d24e2454-6eac-4aa7-81a4-506247e0ec20,depends_on,0.71,inventory-deve-0174 depends on redis-prod-0058,27017,TCP,true,2025-04-10 02:10:21,2025-04-16 02:10:21
4daebfe1-313a-4f91-93b1-68dc17138477,a572d46c-c254-467f-8606-c5f07a9dc0cf,b851b00b-7cc0-42d9-a5bf-af72afbe7551,uses,0.66,auth-prod-0269 uses activemq-prod-0169,9092,,false,2025-10-11 16:26:51,2025-11-03 16:26:51
2672cdb4-c584-461e-9d95-26ad0b4b8567,0f3a16ca-0be2-443d-b557-92ac62e59943,f742d55b-b242-49de-b00b-0ae2f8feae58,hosts,0.67,worker-stag-0071 hosts notification-test-0036,80,HTTP,true,2025-04-05 17:28:15,2025-05-01 17:28:15
925968b9-ef29-49c2-b3f4-72cd377ccfd8,3c7d83fc-c09b-4895-bd62-52cd27aae199,fddc42c8-14d7-43b0-bd54-011f76e1b565,connects_to,0.81,nginx-dr-0131 connects to api-deve-0038,3306,HTTP,true,2025-09-07 20:49:40,2025-09-10 20:49:40
cd64f5f4-d890-4be8-b82a-85d3bb5ebf0e,bd2d94ed-97a0-4e3f-abb1-7cc625a5af40,a77a6d57-c76c-4270-8aa5-ff9fe930e999,hosts,0.85,batch-stag-0202 hosts reporting-prod-0127,3306,HTTP,false,2025-09-30 15:33:36,2025-10-18 15:33:36
4de63732-8464-4a8a-9645-20089c5651a9,a4ed7edb-cee2-4c26-9e55-02f31aac1ad3,b6b297d7-adcd-444b-8d81-896d716589dd,depends_on,0.64,inventory-deve-0091 depends on redis-dr-0074,5432,HTTP,false,2025-08-24 13:12:16,2025-09-12 13:12:16
8e7aa78a-c6a2-42cf-be39-d08d907f10d0,45043937-32b7-4bf3-a7fe-cf6847598801,af7308a2-f409-471d-90ab-51431150cea6,depends_on,0.64,efs-prod-0027 depends on docker-host-prod-0156,27017,gRPC,true,2025-06-18 01:02:42,2025-07-16 01:02:42
40f01a86-f5da-4135-a956-fba6f069e136,814d8b81-f810-494f-b717-b717956d1126,96efae68-2104-4c97-a2d1-12454065d356,depends_on,0.61,auth-test-0042 depends on mongodb-deve-0002,,HTTPS,false,2025-02-26 23:31:05,2025-03-01 23:31:05
b8e077df-d3c8-46c0-b610-8f2682983614,a572d46c-c254-467f-8606-c5f07a9dc0cf,6163938c-bc64-4e42-ba65-41e07480bde6,depends_on,0.56,auth-prod-0269 depends on redis-prod-0154,80,,false,2025-07-21 22:53:20,2025-07-25 22:53:20
5515bcf6-d682-4754-9d99-4dfef2bcfaa1,4491fd19-7667-476a-9849-283cff114acb,c0346cc2-fb1b-4b23-a2e8-770a3bc5d9c2,runs_on,0.57,dns-prod-0108 runs on appservice-stag-0300,443,TCP,false,2025-03-16 15:40:49,2025-04-14 15:40:49
f0820d7c-9bfb-4396-8963-78c2b8c1ad97,2ce49ea2-8ac7-486e-8e33-2382e6ddf64c,22396410-1036-47d7-8867-30d3ce4dc70e,hosts,0.81,proxy-prod-0219 hosts inventory-deve-0084,6379,gRPC,false,2025-03-11 07:42:29,2025-03-17 07:42:29
b33f7c61-01e2-4d54-9ae4-a52429c57a85,9a0c4139-b430-4d25-bc28-f29889ea9666,79e8a3e6-f463-449c-9464-6f24165d3163,depends_on,0.86,notification-deve-0100 depends on varnish-dr-0079,27017,HTTPS,false,2025-09-03 07:51:02,2025-09-25 07:51:02
a4c7c416-a81b-4eb8-b6cb-2cc1934f5524,cbc3c3b4-4680-439d-b3b5-c2edf6a42453,ee6793ad-1eaf-481c-a0f6-a97eeb85dcba,depends_on,0.76,auth-prod-0240 depends on redis-test-0031,80,HTTP,false,2025-10-06 03:03:47,2025-10-28 03:03:47
d3159f18-f0e5-447b-9b3e-bdb597e1495e,72000b55-8c89-4ff1-b24d-4f45ba332387,a30c1b34-ca69-4935-a196-ae3b525253b3,depends_on,0.75,analytics-prod-0053 depends on varnish-prod-0282,443,HTTP,false,2025-05-09 02:16:48,2025-05-25 02:16:48
288fa244-37d8-4a5c-8ac7-aeacabfbc886,6a84a1e9-55b6-4960-a0fc-54e5b1330352,25f82df2-f9fe-4249-8aa4-e2b57bea8eed,connects_to,0.85,haproxy-test-0043 connects to web-prod-0274,,,false,2025-05-23 09:21:57,2025-06-08 09:21:57
96f9926f-67d9-486a-80ef-7ef46a5caeb3,daea5281-7245-4dbf-96fd-549047824b30,ca74401b-710b-4f84-941f-6fdbc647f0d9,depends_on,0.56,reporting-prod-0136 depends on mysql-prod-0128,5432,TCP,false,2025-06-18 07:54:39,2025-06-27 07:54:39
df2b3e86-a831-4aa7-8902-68ea1ab7820a,f3d0f0ce-6c97-4ce1-aa41-c4ac1a25b6c7,79af56a6-fbc7-4166-bdee-e0b103f1bd95,depends_on,0.94,reporting-dr-0110 depends on elasticsearch-deve-0125,80,HTTP,false,2025-04-09 21:39:14,2025-04-15 21:39:14
7678ebce-b1ca-4fb8-889c-415494b083db,55d8be61-f771-4a79-b854-61daaf9dc77a,621d1ee7-e1d4-420b-9258-eb8593c9371f,depends_on,0.66,reporting-stag-0216 depends on memcached-stag-0266,6379,HTTP,false,2025-12-07 01:14:48,2025-12-26 01:14:48
408b2b84-b3b6-4056-b7bc-d68d81a7bbdc,8acb3662-2d76-44c8-89b0-54404124f32b,562e6177-63d7-4939-a7d4-8429f3e87fcd,hosts,0.77,web-prod-0170 hosts inventory-prod-0124,443,gRPC,false,2025-06-11 12:22:37,2025-06-19 12:22:37
d3e937ce-3721-41b6-b1c3-837845e5e19c,dba368ad-3cc8-4caf-96bf-0ab25c3c5aaa,2a8cb3d9-3bc6-4761-93c3-06c64e79f707,connects_to,0.9,nlb-prod-0076 connects to app-test-0116,9092,HTTP,false,2025-11-25 10:44:17,2025-12-18 10:44:17
afe3934f-4dcc-45d3-80ae-137d1ff24011,562e6177-63d7-4939-a7d4-8429f3e87fcd,9984c89c-b90f-4763-9f8c-bf9de161242c,uses,0.59,inventory-prod-0124 uses sqs-test-0130,,HTTP,false,2025-05-05 18:13:11,2025-05-05 18:13:11
7b2c91fd-763f-4dea-810f-f30fb8855d25,e1f5ae2c-1237-433d-a4b6-f160db078fd9,fddc42c8-14d7-43b0-bd54-011f76e1b565,connects_to,0.73,nginx-test-0033 connects to api-deve-0038,9092,TCP,false,2025-09-06 20:44:13,2025-09-10 20:44:13
af568fdf-7507-4f8b-ab84-b551e1b64390,8609a412-dc0b-4d24-9055-02dae7227d02,42f1a97a-01e6-47b4-9089-582e3a478b74,connects_to,0.57,nlb-prod-0254 connects to worker-test-0020,443,HTTPS,true,2025-12-26 13:24:01,2026-01-15 13:24:01
ce4794cb-03b8-4822-83cf-d1dc1955308a,0f3a16ca-0be2-443d-b557-92ac62e59943,0ac19ee3-e222-4517-abd9-a1813ccb8d98,hosts,0.57,worker-stag-0071 hosts notification-test-0209,,HTTP,false,2025-03-15 19:10:26,2025-03-30 19:10:26
55c85ced-37f6-419f-9edb-977506daf231,72000b55-8c89-4ff1-b24d-4f45ba332387,b291054c-6b87-408c-a78e-63e673fdd043,depends_on,0.77,analytics-prod-0053 depends on redis-deve-0239,80,TCP,true,2025-06-17 10:39:13,2025-06-26 10:39:13
b32ef947-66ef-48ca-9b45-708c093c33d6,92dcacfe-61e1-4ab5-9b98-a3fd80a32be5,fb8f7a9d-4477-414d-8757-8785cc388e5d,depends_on,0.51,analytics-prod-0229 depends on elasticsearch-deve-0075,9092,gRPC,true,2025-01-31 19:58:29,2025-02-20 19:58:29
ab30717f-7cca-4f5b-869c-1814dd256fee,43678587-66aa-41ec-ab2a-b9478c447b9e,b950ac21-bfc5-475a-a423-8ef1b95e1d70,depends_on,1.0,analytics-stag-0218 depends on mongodb-stag-0057,5432,TCP,false,2025-10-09 17:58:52,2025-10-18 17:58:52
7c590a41-c1ad-4564-8c73-8b29dd92ebb4,fddc42c8-14d7-43b0-bd54-011f76e1b565,814d8b81-f810-494f-b717-b717956d1126,hosts,0.59,api-deve-0038 hosts auth-test-0042,27017,,true,2025-12-06 17:18:33,2025-12-19 17:18:33
1e696e4b-cfe7-4794-932f-ba203f0acd2a,56af5661-8b95-4621-ac58-75277ee7246d,931fe2e2-029b-44ae-9f68-e184c94b7e3b,depends_on,0.94,payment-test-0185 depends on redis-test-0279,6379,gRPC,false,2025-06-27 00:29:31,2025-07-26 00:29:31
416b5640-3a9c-4d09-8d2d-e563b1f60c13,d8f86bc5-085f-411c-81c1-de350666a1cd,96efae68-2104-4c97-a2d1-12454065d356,depends_on,0.57,payment-prod-0061 depends on mongodb-deve-0002,3306,gRPC,false,2025-04-18 11:41:12,2025-05-13 11:41:12
e3654de5-3fbf-48c8-a91b-b7638e49eb5f,25f82df2-f9fe-4249-8aa4-e2b57bea8eed,cbc3c3b4-4680-439d-b3b5-c2edf6a42453,hosts,0.55,web-prod-0274 hosts auth-prod-0240,3306,HTTP,false,2025-06-22 17:04:29,2025-07-03 17:04:29
bf143550-81bc-4feb-8ce2-6f21a4bef9f0,226eb2c0-965c-41ff-89cb-f2ebde4dcd23,e4d0d5e9-0948-400c-b30e-2f7241066ea1,runs_on,0.77,nfs-prod-0126 runs on nginx-deve-0197,,,false,2025-11-09 05:54:24,2025-11-16 05:54:24
41a4396b-426e-48fb-96f2-68d5553d574f,1ac5c77a-1ecd-4c79-9153-48bfb8fe9d1e,eae4ce4a-9426-49a3-86f7-6998848679bd,depends_on,0.68,alb-stag-0121 depends on redis-stag-0186,,HTTP,false,2025-05-15 12:25:56,2025-05-16 12:25:56
2c7ded10-b3d2-4e46-9892-018fae6b147c,51433cfe-b9a1-4192-8f3b-029eae9e262a,80944ccf-f3dc-423d-a15f-97dcf0fe291a,connects_to,0.62,haproxy-stag-0129 connects to proxy-prod-0081,5432,TCP,false,2025-11-10 03:08:19,2025-11-13 03:08:19
6cb0f797-c903-445b-b10c-574ecafc568a,cbc3c3b4-4680-439d-b3b5-c2edf6a42453,c123741a-8a28-48d1-b80c-d67773467c43,uses,0.83,auth-prod-0240 uses activemq-test-0098,443,gRPC,false,2025-02-27 15:40:02,2025-03-26 15:40:02
7c2fcfd2-a2d0-4afa-973f-4870cf6a9a57,f3d0f0ce-6c97-4ce1-aa41-c4ac1a25b6c7,885fe480-b61e-45e5-a039-d73240d9206a,depends_on,0.62,reporting-dr-0110 depends on mysql-prod-0152,80,,false,2025-04-13 14:41:01,2025-04-26 14:41:01
582ab4f2-dabe-4eab-962d-544c81f41b0b,562e6177-63d7-4939-a7d4-8429f3e87fcd,5c57a0dc-cc93-490f-91fc-639c68aba9f1,depends_on,0.85,inventory-prod-0124 depends on mysql-prod-0191,6379,gRPC,false,2025-04-13 07:00:41,2025-04-23 07:00:41
9da22956-066a-49a5-923e-043a3eab3044,0f3a16ca-0be2-443d-b557-92ac62e59943,f3d0f0ce-6c97-4ce1-aa41-c4ac1a25b6c7,hosts,0.52,worker-stag-0071 hosts reporting-dr-0110,3306,,true,2025-03-03 11:11:55,2025-03-15 11:11:55
0726286f-6853-4f03-907e-b5b32dc49db6,db0b339c-5280-4b30-a50f-fbbe101b1e7c,5bdee3a1-05a9-4e88-9d3e-a74851b2215b,hosts,0.76,blob-prod-0117 hosts payment-stag-0217,3306,HTTP,false,2025-06-19 15:09:18,2025-06-20 15:09:18
6ea9f76e-abc3-416e-b999-70cafcd25152,562e6177-63d7-4939-a7d4-8429f3e87fcd,ae268222-887b-4a35-addd-188080d29c67,depends_on,0.91,inventory-prod-0124 depends on mongodb-stag-0244,,gRPC,false,2025-12-06 14:37:07,2025-12-26 14:37:07
bfff700d-82fe-49f4-8759-a0a4c519f455,30011f97-4114-48c0-983a-ac6d08de411a,cbc3c3b4-4680-439d-b3b5-c2edf6a42453,hosts,0.55,web-stag-0199 hosts auth-prod-0240,443,HTTPS,false,2025-05-10 21:38:06,2025-06-06 21:38:06
1b83459e-b18b-409a-9c51-e08d6103bc12,81199b18-9e70-4cb1-9c73-46f498479de1,68ed92a2-cecd-4396-8f7d-022a501860d9,depends_on,0.61,payment-deve-0119 depends on varnish-prod-0223,80,HTTPS,true,2025-03-26 14:11:09,2025-04-01 14:11:09
c024bd4c-a232-44a6-8844-3dc781318b23,a762ae60-ba9f-4dc0-b2c3-a5fe6de5dff8,ce08359f-471d-4a16-b8c2-4108bbf0c2d9,depends_on,0.52,auth-prod-0157 depends on varnish-stag-0059,,TCP,true,2025-11-19 08:22:17,2025-11-21 08:22:17
f8d64365-1e05-482a-940f-31d17d85b3ff,55d8be61-f771-4a79-b854-61daaf9dc77a,f965c2fd-a259-46b6-be63-8ae76bfa119f,depends_on,0.6,reporting-stag-0216 depends on varnish-test-0142,9092,HTTPS,false,2025-08-23 06:01:12,2025-09-14 06:01:12
069ec4b1-ecf1-4c4b-97c0-ef60d5dfc6ba,297c4236-81ab-4f6a-a7c6-97c1bd29af43,0b31c2e5-c214-4363-a48f-3d68e5615aee,backed_by,0.65,elasticsearch-stag-0164 backed by s3-deve-0143,3306,gRPC,true,2025-11-27 13:10:11,2025-12-17 13:10:11
7c3e6ea7-c38d-4e98-b306-265ee60d9eeb,daea5281-7245-4dbf-96fd-549047824b30,e941457f-cc1f-402f-9214-49513aec3cb9,depends_on,0.88,reporting-prod-0136 depends on elasticsearch-stag-0106,3306,,false,2025-12-31 16:56:11,2026-01-23 16:56:11
9810ae4c-7b1a-41f1-9c76-8dca5d7566b3,bb88d143-268d-4d11-aca7-4e961b2e1343,30011f97-4114-48c0-983a-ac6d08de411a,connects_to,0.52,nlb-deve-0087 connects to web-stag-0199,9092,HTTP,true,2025-12-17 03:29:47,2026-01-05 03:29:47
17f9b0a1-faa5-4970-972e-4eb9f4e9b5f5,11d1aef4-dca3-48d1-aabc-784012d768bd,80944ccf-f3dc-423d-a15f-97dcf0fe291a,connects_to,0.93,alb-dr-0004 connects to proxy-prod-0081,443,gRPC,true,2025-07-09 07:43:42,2025-07-19 07:43:42
3c8cd571-aaff-43a0-9af5-71d41033f2f6,ad4fae2e-e2a8-44f5-abc3-21152c8b1acd,49f00ff8-348d-4e43-93ea-b87723fb65f4,depends_on,0.79,inventory-deve-0174 depends on redis-prod-0078,27017,TCP,true,2025-03-06 22:00:23,2025-03-28 22:00:23
b991d4c2-492d-4184-8a66-4030e69ec838,3e54714a-006f-484a-853f-962e8575ddd6,341e3d74-6345-4aa2-9ed5-4014c04af43a,depends_on,0.96,auth-prod-0264 depends on varnish-prod-0082,443,,false,2025-09-15 11:29:03,2025-09-26 11:29:03
0ccf1795-8a30-4aaf-ae64-a3cf2ebf170c,fe658f06-e702-42be-99cb-ac6afde76e99,c8439fc7-e06c-4ff5-bb91-8cc117e3cc97,connects_to,0.69,nlb-prod-0099 connects to proxy-deve-0243,9092,,false,2025-12-16 23:13:38,2026-01-13 23:13:38
50b37d99-bfa0-4e95-8b29-c152cc273df5,8c4d8322-e2e1-4373-b5bb-761b9c5313e1,749caa4a-d1f6-4712-8fc7-5b422a2a4e35,depends_on,0.58,elasticsearch-stag-0005 depends on memcached-prod-0080,9092,TCP,true,2025-06-29 01:29:27,2025-07-26 01:29:27
1b26cc5f-29ee-48d2-840c-7e51cef8f0d5,7bfdbd5f-5dee-4887-8f9e-61ceea535b83,ce476033-fa79-4f06-82f1-b36a5d79c16f,depends_on,0.95,inventory-stag-0246 depends on varnish-prod-0171,,TCP,true,2025-12-26 07:17:26,2026-01-18 07:17:26
49a309ca-a509-4470-bc06-f069b9642679,e8a6fbf5-f04a-43fd-a22b-80345cc2762f,1267b3ea-59b3-47f4-bae3-5c9dcbfca46e,depends_on,0.66,payment-stag-0222 depends on postgres-prod-0177,27017,HTTPS,false,2025-05-14 02:25:36,2025-05-29 02:25:36
dc22aa85-a912-4ca4-a3bc-8746972debeb,3e54714a-006f-484a-853f-962e8575ddd6,b950ac21-bfc5-475a-a423-8ef1b95e1d70,depends_on,0.52,auth-prod-0264 depends on mongodb-stag-0057,3306,gRPC,true,2025-06-23 04:21:30,2025-06-29 04:21:30
